dataset,accuracy_dropout,accuracy_ensemble,accuracy_mean,accuracy_mean_rep_ridge,accuracy_standard_deviation,accuracy_std_rep_ridge,delta_mean,margin_dropout,margin_ensemble,margin_roc_auc_dropout,margin_roc_auc_ensemble,maxprob_dropout,maxprob_ensemble,maxprob_roc_auc_dropout,maxprob_roc_auc_ensemble,mutual_information_dropout,mutual_information_ensemble,mutual_information_roc_auc_dropout,mutual_information_roc_auc_ensemble,predictive_entropy_dropout,predictive_entropy_ensemble,predictive_entropy_roc_auc_dropout,predictive_entropy_roc_auc_ensemble,std_averaged_over_ensemble_dropout,std_averaged_over_ensemble_ensemble,std_averaged_over_ensemble_roc_auc_dropout,std_averaged_over_ensemble_roc_auc_ensemble,std_dropout,std_ensemble,std_roc_auc_dropout,std_roc_auc_ensemble
Adiac,0.7979539632797241,0.7953963875770569,0.78465473,0.7859335038363172,0.00508659,0.0070553013934187,-0.0012787738363172,0.7403334975242615,0.7469233274459839,0.8399464459591043,0.8510450160771703,0.7361027002334595,0.7466174364089966,0.8374716001298279,0.8501607717041801,0.7219384908676147,0.7276052236557007,0.8203911067835118,0.8366157556270096,0.6921593546867371,0.709126889705658,0.8061100292112949,0.8236334405144695,0.7490295171737671,0.7417855858802795,0.8422995780590719,0.8484726688102894,0.7256587147712708,0.7404255270957947,0.8291950665368388,0.8451768488745982
ArrowHead,0.7542856931686401,0.7942857146263123,0.80514286,0.8011428571428573,0.01581067,0.0061544740652965,0.0040000028571427,0.5979210138320923,0.580315351486206,0.7538759689922481,0.7346123101518786,0.5993747711181641,0.5824355483055115,0.7545806906272022,0.7362110311750599,0.6151570081710815,0.5547674298286438,0.7626849894291754,0.7284172661870504,0.5991968512535095,0.5808470249176025,0.7544045102184637,0.7360111910471622,0.6098731160163879,0.5619701147079468,0.7596899224806203,0.7320143884892086,0.5992234945297241,0.5832399129867554,0.7544045102184637,0.7370103916866507
Beef,0.8000000715255737,0.8000000715255737,0.83333333,0.78,0.0,0.0163299316185545,0.0533333299999999,0.5347383618354797,0.6966125965118408,0.7222222222222222,0.7569444444444444,0.5241600871086121,0.6583747863769531,0.7152777777777777,0.7222222222222222,0.5282079577445984,0.5782981514930725,0.7152777777777779,0.6597222222222223,0.5321995615959167,0.6375820636749268,0.7222222222222223,0.7083333333333333,0.5528271198272705,0.6314054131507874,0.7361111111111112,0.6944444444444444,0.5241600871086121,0.6437527537345886,0.7152777777777777,0.7083333333333333
BeetleFly,0.699999988079071,0.949999988079071,0.9,0.8700000000000001,0.0,0.0244948974278318,0.0299999999999999,-0.2140021473169326,0.3529834747314453,0.4047619047619047,0.5263157894736842,-0.2140021473169326,0.3529834747314453,0.4047619047619047,0.5263157894736842,-0.2969340682029724,-0.3848845660686493,0.3571428571428571,0.2631578947368421,-0.2140021473169326,0.3529834747314453,0.4047619047619047,0.5263157894736842,-0.2515264749526977,0.1117137372493743,0.3809523809523809,0.4210526315789473,-0.2140021473169326,0.3529834747314453,0.4047619047619047,0.5263157894736842
BirdChicken,0.9000000357627869,0.8500000238418579,0.9,0.9,0.0,0.0,0.0,0.5530786514282227,0.9406421184539796,0.6388888888888888,0.9215686274509804,0.5530786514282227,0.9406421184539796,0.6388888888888888,0.9215686274509804,0.6457622647285461,0.8879654407501221,0.6944444444444444,0.8823529411764706,0.5530786514282227,0.9406421184539796,0.6388888888888888,0.9215686274509804,0.6457622647285461,0.9117549061775208,0.6944444444444444,0.9019607843137256,0.5530786514282227,0.9406421184539796,0.6388888888888888,0.9215686274509804
CBF,0.9600000381469728,0.9600000381469728,0.99988889,1.0,0.00035136,0.0,-0.0001111099999999,0.950207531452179,0.956575095653534,0.9522890946502058,0.9577224794238683,0.9501259326934814,0.9566975831985474,0.9522247942386832,0.9578510802469136,0.9523714780807496,0.9493059515953064,0.9541859567901236,0.9505208333333334,0.950193464756012,0.9573395848274232,0.9522890946502058,0.95849408436214,0.9510510563850404,0.9495124816894532,0.9529963991769548,0.950778034979424,0.9501251578330994,0.9568888545036316,0.9522247942386832,0.9580439814814816
Car,0.8166667222976685,0.7833333611488342,0.89166667,0.9,0.02115493,0.0,-0.00833333,0.7704755663871765,0.9299771785736084,0.8181818181818182,0.9230769230769232,0.765934407711029,0.9211645126342772,0.8163265306122449,0.9148936170212766,0.7686288356781006,0.9330387711524964,0.8181818181818182,0.9361702127659576,0.7716000080108643,0.913295030593872,0.8218923933209648,0.9083469721767594,0.7651659846305847,0.9325042366981506,0.8144712430426716,0.9312602291325696,0.7677668333053589,0.9211645126342772,0.8181818181818182,0.9148936170212766
ChlorineConcentration,0.6098958849906921,0.624218761920929,0.81299479,0.8117708333333333,0.00539376,0.0072793795284656,0.0012239566666666,0.4468273818492889,0.5013426542282104,0.6686966054369105,0.6936315346828488,0.4549109935760498,0.5097905397415161,0.6704435974410515,0.6972023530221276,0.3569013178348541,0.3572162389755249,0.6196753656170082,0.6304959045885203,0.4506790339946747,0.5022132992744446,0.6638324483883435,0.6894159973008533,0.4108212292194366,0.4400793612003326,0.642940373672155,0.6627627916739306,0.4517822563648224,0.5054491758346558,0.6663459049868939,0.6929619520357944
CinCECGTorso,0.7123188376426697,0.7166666984558105,0.83492754,0.8086231884057969,0.00555871,0.0036585233511201,0.026304351594203,0.6229090094566345,0.6332588791847229,0.7468142298161952,0.7845766345400428,0.6201372146606445,0.6362425088882446,0.745750811657113,0.7870902174559541,0.6408218741416931,0.6643519401550293,0.7535201703519017,0.8036612455682584,0.6182578206062317,0.6366769075393677,0.7449564511045454,0.7879591103157753,0.6329795718193054,0.6624929904937744,0.7512857109911313,0.8042172335589179,0.6204307675361633,0.6377877593040466,0.7460839305985123,0.788698703642885
Coffee,0.9642857313156128,0.9642857313156128,1.0,1.0,0.0,0.0,0.0,1.0,1.0,1.0,1.0,1.0,1.0,1.0,1.0,1.0,1.0,1.0,0.9629629629629628,1.0,1.0,1.0,1.0,1.0,1.0,1.0,0.9629629629629628,1.0,1.0,1.0,1.0
Computers,0.7720000147819519,0.7760000228881836,0.76,0.766,0.00864099,0.006,-0.006,0.5430200099945068,0.5120464563369751,0.701208981001727,0.6831737849779087,0.5430200099945068,0.5120464563369751,0.701208981001727,0.6831737849779087,0.5696299076080322,0.4530998766422272,0.702754295064085,0.639819587628866,0.5430200099945068,0.5120464563369751,0.701208981001727,0.6831737849779087,0.5590879321098328,0.4866878688335418,0.7007544768657394,0.6630154639175257,0.5430200099945068,0.5120464563369751,0.701208981001727,0.6831737849779087
CricketX,0.7512820959091187,0.7410256862640381,0.82230769,0.82,0.00580316,0.0067645671580886,0.00230769,0.7589835524559021,0.7692081332206726,0.8396959994370359,0.8551166535338655,0.7707363367080688,0.7789117097854614,0.8493719432813763,0.8624481825345164,0.7138563990592957,0.7505092620849609,0.7936385067379754,0.8338415156394532,0.7726550698280334,0.7816188931465149,0.8507089827944126,0.8590907533659939,0.742669939994812,0.7744718194007874,0.8206255937510996,0.8534721984309157,0.7746824622154236,0.7799220681190491,0.8529256535660251,0.8632361506046798
CricketY,0.7461538910865784,0.7487179636955261,0.85025641,0.8620512820512822,0.0067516,0.0048379390420803,-0.0117948720512822,0.6924718022346497,0.6978565454483032,0.785032455135548,0.7935071288789488,0.7003340125083923,0.7066176533699036,0.7912805026207088,0.7987140061504053,0.7036903500556946,0.6745943427085876,0.7887812836266446,0.7714215823315627,0.7070035338401794,0.6959595680236816,0.79624422923392,0.7885099245177524,0.7128840088844299,0.7002434134483337,0.7965219202332605,0.790257198769919,0.7020754814147949,0.7021939754486084,0.792530112117741,0.7940313111545988
CricketZ,0.7692307829856873,0.7897436022758484,0.85769231,0.860769230769231,0.00848266,0.0036352427894251,-0.0030769207692309,0.7830485701560974,0.7619255781173706,0.871,0.8577367754197023,0.784936249256134,0.7652605772018433,0.8714074074074075,0.8598748812163447,0.7713801264762878,0.7289270162582397,0.8324444444444445,0.8266154577130187,0.7787608504295349,0.7577226758003235,0.8661851851851851,0.8527082673424137,0.7754505276679993,0.7512099146842957,0.8511481481481482,0.8490655685777637,0.7818817496299744,0.7626680135726929,0.8684074074074074,0.8572220462464366
DiatomSizeReduction,0.8398693203926086,0.843137264251709,0.97026144,0.9640522875816993,0.00605531,0.0041336962878017,0.0062091524183007,0.8960433006286621,0.8074122667312622,0.903914873342333,0.8440729974160208,0.8974350690841675,0.8046791553497314,0.9052648296672756,0.8425387596899224,0.9095130562782288,0.7906886339187622,0.9145557055507028,0.8290536175710594,0.8980710506439209,0.8026988506317139,0.9058206940363694,0.8410045219638244,0.9018275141716005,0.7902165651321411,0.9083617882950846,0.8285691214470283,0.8971385359764099,0.8043698668479919,0.904947192884936,0.8422157622739017
DistalPhalanxOutlineAgeGroup,0.7266187071800232,0.7122302055358887,0.75467626,0.7474820143884892,0.00715416,0.0126463279361488,0.0071942456115108,0.4587610960006714,0.6227407455444336,0.6727462219906202,0.7482323232323232,0.4583232402801513,0.6275344491004944,0.674048983845753,0.7507575757575757,0.4954755902290344,0.676703691482544,0.6782178217821783,0.7616161616161616,0.4521920680999756,0.6234484910964966,0.6711829077644608,0.7459595959595959,0.4822593927383423,0.6657310724258423,0.678999478895258,0.7611111111111112,0.4590818285942077,0.6266269087791443,0.6748306409588328,0.7494949494949495
DistalPhalanxOutlineCorrect,0.8079710006713867,0.7862318754196167,0.76775362,0.7684782608695653,0.00861645,0.0108029358810692,-0.0007246408695652,0.5895053148269653,0.6340687870979309,0.7576783145782215,0.7793485901741779,0.5895053148269653,0.6340687870979309,0.7576783145782215,0.7793485901741779,0.6025514602661133,0.6323772668838501,0.7629241052542517,0.7780207763805358,0.5895053148269653,0.6340687870979309,0.7576783145782215,0.7793485901741779,0.5979969501495361,0.6396490931510925,0.7596243336999745,0.7832539248613607,0.5895053148269653,0.6340687870979309,0.7576783145782215,0.7793485901741779
DistalPhalanxTW,0.6762589812278748,0.6762589812278748,0.71870504,0.6964028776978418,0.00227502,0.0139501578630685,0.0223021623021582,0.5625340342521667,0.6297433376312256,0.7631205673758864,0.7711583924349882,0.5741263031959534,0.638776421546936,0.7728132387706856,0.7796690307328605,0.594758927822113,0.6423617005348206,0.7848699763593381,0.7739952718676123,0.5872288346290588,0.6473937034606934,0.7836879432624113,0.7860520094562649,0.5790939331054688,0.6458892226219177,0.7780141843971632,0.7789598108747046,0.577544629573822,0.6409202218055725,0.7761229314420804,0.7810874704491726
ECG200,0.8999999761581421,0.8999999761581421,0.906,0.917,0.00516398,0.0045825756949558,-0.011,0.5304280519485474,0.5398523211479187,0.7311111111111112,0.75,0.5304280519485474,0.5398523211479187,0.7311111111111112,0.75,0.5288558602333069,0.5547245144844055,0.7355555555555555,0.7511111111111111,0.5304280519485474,0.5398523211479187,0.7311111111111112,0.75,0.5310181379318237,0.559694766998291,0.73,0.7555555555555555,0.5304280519485474,0.5398523211479187,0.7311111111111112,0.75
ECG5000,0.9364444613456726,0.9424444437026978,0.94697778,0.9479111111111111,0.0006036,0.0003999999999999,-0.0009333311111111,0.8303758502006531,0.8260418772697449,0.8646668945672268,0.8617485677141419,0.833901584148407,0.829858124256134,0.8674324014855576,0.8647146489636469,0.8527247309684753,0.8552648425102234,0.8810110155625106,0.8869866599175724,0.8372950553894043,0.8334382176399231,0.8703323254818272,0.8677116837927967,0.8438569903373718,0.8460037112236023,0.8745938446935125,0.8790743787206886,0.8341583609580994,0.8300948143005371,0.8676738543848178,0.8649376968169705
ECGFiveDays,0.9581881165504456,0.9291521310806274,1.0,1.0,0.0,0.0,0.0,0.9556551575660706,0.9681988954544068,0.9574410774410774,0.9689754098360656,0.9556551575660706,0.9681988954544068,0.9574410774410774,0.9689754098360656,0.9575285315513612,0.9765391945838928,0.9590235690235692,0.9771516393442624,0.9556551575660706,0.9681988954544068,0.9574410774410776,0.9689754098360656,0.9567831158638,0.975239098072052,0.9584175084175084,0.9759221311475408,0.9556551575660706,0.9681988954544068,0.9574410774410774,0.9689754098360656
Earthquakes,0.5323740839958191,0.5611510872840881,0.74820144,0.7553956834532374,0.0,0.0071942446043165,-0.0071942434532373,0.4211719036102295,0.3947192728519439,0.6135135135135136,0.6172761664564943,0.4211719036102295,0.3947192728519439,0.6135135135135136,0.6172761664564943,0.3103874623775482,0.0734503418207168,0.5848232848232848,0.5096679277007147,0.4211719036102295,0.3947192728519439,0.6135135135135136,0.6172761664564943,0.3751114010810852,0.2812261879444122,0.6114345114345114,0.5651534258091636,0.4211719036102295,0.3947192728519439,0.6135135135135136,0.6172761664564943
ElectricDevices,0.6984826922416687,0.693035900592804,0.73054079,0.7300090779406043,0.00233016,0.0014104682443154,0.0005317120593957,0.3248999416828155,0.3408921658992767,0.6816765888464318,0.6932500651422123,0.3240938782691955,0.3406161367893219,0.6886094973427723,0.7005689191958289,0.3045471310615539,0.2742649614810943,0.6636089583108737,0.6458587893920651,0.3128354549407959,0.3321953415870666,0.6852219014649689,0.6988204358077255,0.3268583416938782,0.3151769936084747,0.6815532104340603,0.6724392627925392,0.3259713053703308,0.3431197106838226,0.6905585568319298,0.7031652790742975
FaceAll,0.7917159795761108,0.7988165616989136,0.94751479,0.9585207100591716,0.00263223,0.0023882172864627,-0.0110059200591714,-0.0919180437922477,0.4628176391124725,0.5583575383883679,0.6999673202614379,-0.164099246263504,0.407702773809433,0.543053149205055,0.6801590413943356,0.4505476057529449,0.7998407483100891,0.6921265627123251,0.8480958605664488,-0.2100096493959427,0.358549416065216,0.5289207942655252,0.6579651416122004,0.1920100748538971,0.6775001287460327,0.6236411197173529,0.7857015250544662,-0.1650392264127731,0.4063019752502441,0.5421486445169179,0.6788910675381263
FaceFour,0.9204545617103576,0.9431818723678588,0.975,0.9772727272727272,0.00479133,1.1102230246251563e-16,-0.0022727272727272,0.9214617013931274,0.9430345892906188,0.9206349206349206,0.9397590361445782,0.919115662574768,0.9451555013656616,0.9171075837742504,0.9421686746987952,0.9597199559211732,0.980911374092102,0.9541446208112876,0.9734939759036144,0.9224779009819032,0.9419280290603638,0.9206349206349208,0.9397590361445785,0.9533443450927734,0.9720986485481262,0.9488536155202822,0.9662650602409638,0.919115662574768,0.9419280290603638,0.9171075837742504,0.9397590361445785
FacesUCR,0.9160975813865662,0.9219512343406676,0.96160976,0.9576097560975608,0.00051676,0.0011429633672058,0.004000003902439,0.893441915512085,0.9118287563323976,0.916437575847636,0.9322387566137568,0.8939420580863953,0.9117482900619508,0.9168678950887884,0.9319742063492064,0.8992292284965515,0.9142917394638062,0.9187253882160636,0.9325099206349206,0.8879747986793518,0.9052587747573853,0.9116049978948412,0.925813492063492,0.8973399996757507,0.9143326878547668,0.918332218837457,0.9331448412698412,0.8923336863517761,0.9096535444259644,0.9153478465463012,0.9299801587301588
FiftyWords,0.7802197933197021,0.7846153974533081,0.83054945,0.83010989010989,0.00522668,0.0026097455136347,0.00043955989011,0.8145826458930969,0.8423411250114441,0.8601971830985917,0.8844966558051792,0.8277787566184998,0.8538578152656555,0.8734084507042255,0.8943005773738069,0.8365163207054138,0.8354042768478394,0.8728169014084508,0.8738924141085005,0.8212769627571106,0.8475249409675598,0.868394366197183,0.8887555022008804,0.8447791934013367,0.8497395515441895,0.8824507042253521,0.8877836849025326,0.8307269811630249,0.854049563407898,0.8757464788732394,0.8942719945120905
Fish,0.9257142543792723,0.9485714435577391,0.97885714,0.9845714285714284,0.00895441,0.0026186146828318,-0.0057142885714285,0.8109042644500732,0.9350186586380004,0.8613485280151946,0.9390896921017404,0.8078166246414185,0.9349011182785034,0.8589743589743589,0.9390896921017404,0.903498351573944,0.9681618213653564,0.9154795821462488,0.9658634538152612,0.8012977838516235,0.9309187531471252,0.8542260208926876,0.9350736278447124,0.8728992342948914,0.9591503739356996,0.8964862298195632,0.9585006693440428,0.8075898885726929,0.9342098832130432,0.858974358974359,0.9384203480589024
FordA,0.9439393877983092,0.9424242377281188,0.94492424,0.936818181818182,0.00283571,0.0031818181818182,0.008106058181818,0.8672195076942444,0.8786817193031311,0.8970868942779054,0.9039283296666102,0.8672195076942444,0.8786817193031311,0.8970868942779054,0.9039283296666102,0.8651062250137329,0.8599564433097839,0.8936163290095874,0.887629040446776,0.8672195076942444,0.8786817193031311,0.8970868942779054,0.9039283296666102,0.8678938150405884,0.8695859909057617,0.8968049108498546,0.8960695549162294,0.8672195076942444,0.8786817193031311,0.8970868942779054,0.9039283296666102
FordB,0.7913580536842346,0.7925926446914673,0.8062963,0.7944444444444444,0.00608859,0.0084682719208111,0.0118518555555555,0.7036789059638977,0.723985493183136,0.7792188610621348,0.7924640261088858,0.7036789059638977,0.723985493183136,0.7792188610621348,0.7924640261088858,0.7069025635719299,0.7082686424255371,0.7781849735527882,0.7846851357365376,0.7036789059638977,0.723985493183136,0.7792188610621348,0.7924640261088858,0.7057809829711914,0.7200071811676025,0.7785449879533642,0.790665331553182,0.7036789059638977,0.723985493183136,0.7792188610621348,0.7924640261088858
GunPoint,0.993333339691162,0.9866666793823242,1.0,1.0,0.0,0.0,0.0,0.9931278228759766,0.9929880499839784,0.9865771812080536,0.9864864864864864,0.9931278228759766,0.9929880499839784,0.9865771812080536,0.9864864864864864,0.9999991059303284,0.9894694685935974,0.9932885906040269,0.9864864864864864,0.9931278228759766,0.9929880499839784,0.9865771812080536,0.9864864864864864,0.9931278228759766,0.9823585152626038,0.9865771812080536,0.9797297297297296,0.9931278228759766,0.9929880499839784,0.9865771812080536,0.9864864864864864
Ham,0.7809523940086365,0.8095238208770752,0.72571429,0.72,0.01606236,0.0106052654530095,0.00571429,0.436320811510086,0.4380167126655578,0.7237539766702015,0.7000000000000002,0.436320811510086,0.4380167126655578,0.7237539766702015,0.7000000000000002,0.463572233915329,0.4702882170677185,0.7274655355249205,0.7070588235294116,0.436320811510086,0.4380167126655578,0.7237539766702015,0.7000000000000002,0.45206019282341,0.4756118655204773,0.7253446447507954,0.7158823529411765,0.436320811510086,0.4380167126655578,0.7237539766702015,0.7000000000000002
HandOutlines,0.9486486911773682,0.9378378391265868,0.94162162,0.9429729729729728,0.0031724,0.0018918918918918,-0.0013513529729728,0.6069990396499634,0.6916288733482361,0.7281451491977807,0.7920060142839243,0.6069990396499634,0.6916288733482361,0.7281451491977807,0.7920060142839243,0.6649113893508911,0.6867033243179321,0.7530364372469636,0.7813557198346073,0.6069990396499634,0.6916288733482361,0.7281451491977807,0.7920060142839243,0.6548884510993958,0.7012214064598083,0.7482381166591693,0.7905024433028442,0.6069990396499634,0.6916288733482361,0.7281451491977807,0.7920060142839243
Haptics,0.5357142686843872,0.5259740352630615,0.525,0.5256493506493507,0.00460434,0.0053250712554729,-0.0006493506493506,0.2195424437522888,0.2726729810237884,0.6297096842551388,0.6481481481481483,0.2220342457294464,0.2689055502414703,0.6347107438016528,0.6448080500591916,0.2168751209974289,0.2163567245006561,0.61186692095783,0.6200744123118552,0.2257287204265594,0.2619130611419678,0.634286925196016,0.6372822594283782,0.2118755578994751,0.2527286410331726,0.6127569400296673,0.6351682732961272,0.2187771201133728,0.2657404243946075,0.6302182665819029,0.6412142736343649
Herring,0.671875,0.671875,0.6859375,0.61875,0.02010444,0.0173992636338438,0.0671874999999999,0.3479387760162353,0.4338169395923614,0.6489479512735327,0.6423034330011075,0.3479387760162353,0.4338169395923614,0.6489479512735327,0.6423034330011075,0.3882875740528106,0.4335722029209137,0.6423034330011074,0.6400885935769657,0.3479387760162353,0.4338169395923614,0.6489479512735327,0.6423034330011075,0.395405501127243,0.4379556179046631,0.6489479512735326,0.64562569213732,0.3479387760162353,0.4338169395923614,0.6489479512735327,0.6423034330011075
InlineSkate,0.401818186044693,0.3963636457920074,0.45818182,0.4843636363636364,0.00492366,0.0057034135059484,-0.0261818163636363,0.3506826758384704,0.4248062968254089,0.6420800726182453,0.6783464131756384,0.3564792573451996,0.4310691356658935,0.6489017865738766,0.6859870675361999,0.3508726954460144,0.4142743647098541,0.629083057118101,0.6643915109981209,0.3610263168811798,0.4333024621009826,0.6518725329739097,0.6879352271471206,0.3562177419662475,0.4259871244430542,0.6357534830626195,0.6711617110644412,0.3589955270290375,0.4326519966125488,0.6510198187294557,0.6873549242842931
InsectWingbeatSound,0.6095960140228271,0.6136363744735718,0.65656566,0.6631818181818183,0.00215593,0.0018686868686868,-0.0066161581818182,0.5242162942886353,0.5078721046447754,0.705870563155204,0.6973033163882837,0.5231469869613647,0.5096179842948914,0.7063593033737008,0.7002705828559133,0.4920699000358581,0.4871210753917694,0.6863102364280806,0.6892568385378843,0.5023580193519592,0.4997047483921051,0.692252288558227,0.6943252911589877,0.519196629524231,0.5192521810531616,0.7018888308926691,0.7082976949353129,0.5192192196846008,0.5090141892433167,0.7033111078004439,0.7001597676107479
ItalyPowerDemand,0.9484936594963074,0.9465500712394714,0.96909621,0.968901846452867,0.00089304,0.0006146312264661,0.0001943635471329,0.8141112327575684,0.8353405594825745,0.8625889266934735,0.874836662310995,0.8148923516273499,0.8352632522583008,0.8627145839777296,0.8748273287287662,0.8220577836036682,0.8404181003570557,0.8653727188369935,0.8786074295314542,0.8163661956787109,0.8353405594825745,0.8641548097742036,0.8748366623109951,0.8173229098320007,0.8387333750724792,0.8641741416640891,0.8772633936904984,0.8141112327575684,0.8352632522583008,0.8625889266934734,0.8748273287287661
LargeKitchenAppliances,0.8639999628067017,0.8853332996368408,0.9,0.8960000000000001,0.00226623,0.004618802153517,0.0039999999999998,0.674297571182251,0.6039701104164124,0.8018034374243523,0.764009526478005,0.673222005367279,0.607512354850769,0.8019849915274752,0.7669515270383861,0.7704790234565735,0.6500211358070374,0.8496732026143791,0.7841832446063324,0.6729421019554138,0.6083140969276428,0.8013798111837327,0.7685626225833566,0.7464644908905029,0.644510805606842,0.8409586056644881,0.7848837209302326,0.6737980246543884,0.6098566651344299,0.8025296538368434,0.7692630989072569
Lightning2,0.6885245442390442,0.7049179673194885,0.76393443,0.7836065573770492,0.00846554,0.0065573770491803,-0.0196721273770491,0.4951705932617187,0.5452919602394104,0.7080200501253133,0.7028423772609819,0.5117208361625671,0.5452919602394104,0.7086466165413534,0.7028423772609819,0.5620627999305725,0.5421784520149231,0.7180451127819549,0.7067183462532299,0.5359945893287659,0.5452919602394104,0.711779448621554,0.7028423772609819,0.5420660376548767,0.5403818488121033,0.7142857142857143,0.7054263565891473,0.4951705932617187,0.5452919602394104,0.7080200501253133,0.7028423772609819
Lightning7,0.767123281955719,0.8082191944122314,0.82191781,0.826027397260274,0.01118488,0.0062775009519943,-0.0041095872602739,0.5598888993263245,0.3328773975372314,0.7027310924369747,0.6101694915254237,0.5578476786613464,0.3322228491306305,0.7016806722689075,0.6101694915254238,0.5883732438087463,0.3260654509067535,0.7195378151260504,0.5871670702179177,0.5467638373374939,0.3325327634811401,0.694327731092437,0.612590799031477,0.5773689150810242,0.289940595626831,0.7090336134453781,0.5750605326876513,0.5568118691444397,0.3322228491306305,0.7006302521008403,0.6101694915254238
Mallat,0.9283581972122192,0.9262259602546692,0.95603412,0.9535607675906184,0.0011799,0.0016565394114759,0.0024733524093816,0.8753690123558044,0.8856071829795837,0.8970158803071069,0.9048531493841748,0.8763154745101929,0.8849655985832214,0.8976119386661416,0.9039083873577534,0.8636387586593628,0.8187877535820007,0.8893136032548067,0.8636349120173729,0.8759360313415527,0.87929368019104,0.8969748671172649,0.8985112679504786,0.8710275292396545,0.8629059791564941,0.8945250125773782,0.8916823683454156,0.8761817812919617,0.8839806318283081,0.8974752280333356,0.9029795931402294
Meat,0.9666666984558104,0.98333340883255,0.945,0.9499999999999998,0.00805076,1.1102230246251563e-16,-0.0049999999999998,0.9518164992332458,0.9450687170028688,0.9482758620689656,0.9322033898305084,0.9518164992332458,0.9450687170028688,0.9482758620689656,0.9322033898305084,0.9518164992332458,0.9260964393615724,0.9396551724137931,0.9152542372881356,0.9518164992332458,0.9450687170028688,0.9482758620689656,0.9322033898305084,0.9518164992332458,0.9450687170028688,0.9396551724137931,0.9322033898305084,0.9518164992332458,0.9450687170028688,0.9482758620689656,0.9322033898305084
MedicalImages,0.7013158202171326,0.7157894968986511,0.7975,0.7946052631578947,0.00209886,0.0023129468199009,0.0028947368421052,0.7181516289710999,0.72834312915802,0.8153085766709921,0.8118617238562092,0.7114217877388,0.7224786281585693,0.8142671768974552,0.8108149509803924,0.5588126182556152,0.6256000995635986,0.7269218371614417,0.7550806781045751,0.6854804754257202,0.7014960050582886,0.7931168434015754,0.7947048611111112,0.6467323303222656,0.6763390302658081,0.7756279392682099,0.7821180555555556,0.7035630345344543,0.7177633047103882,0.8074567529816268,0.8067555147058824
MiddlePhalanxOutlineAgeGroup,0.551948070526123,0.551948070526123,0.59545455,0.5532467532467532,0.01300504,0.0153114624968202,0.0422077967532468,0.0865775123238563,0.1071143746376037,0.548849104859335,0.5295822676896845,0.0805778950452804,0.0916193425655365,0.5490196078431373,0.5254901960784314,0.0872130468487739,0.0018068178324028,0.5285592497868713,0.4644501278772378,0.065351627767086,0.075548231601715,0.5437340153452687,0.5164535379369138,0.0929130092263221,0.0716973543167114,0.5444160272804774,0.49769820971867,0.0839716717600822,0.0907752439379692,0.5532821824381927,0.5258312020460357
MiddlePhalanxOutlineCorrect,0.8109965920448303,0.8144329786300659,0.84123711,0.8288659793814432,0.00773514,0.0071754683910038,0.0123711306185567,0.6385146379470825,0.6049359440803528,0.7671032357473035,0.7529301453352086,0.6385146379470825,0.6049359440803528,0.7671032357473035,0.7529301453352086,0.6602621078491211,0.5752623677253723,0.7684899845916795,0.728473198937334,0.6385146379470825,0.6049359440803528,0.7671032357473035,0.7529301453352086,0.6526106595993042,0.5927276611328125,0.7697226502311247,0.7403500546960462,0.6385146379470825,0.6049359440803528,0.7671032357473035,0.7529301453352086
MiddlePhalanxTW,0.5389610528945923,0.5584415793418884,0.55584416,0.5461038961038961,0.00547581,0.015214772095922,0.0097402638961039,0.7447995543479919,0.7040529847145081,0.806210758527066,0.7694938440492475,0.7517079710960388,0.7196510434150696,0.8107924656371968,0.7848837209302325,0.7549575567245483,0.7658319473266602,0.8153741727473274,0.8271203830369357,0.7397981882095337,0.7289005517959595,0.7997624300016968,0.7948016415868673,0.7611002326011658,0.7688854932785034,0.8189377227218734,0.8290013679890561,0.7463368773460388,0.7250596880912781,0.8065501442389276,0.7915526675786593
MoteStrain,0.8426517248153687,0.8282747268676758,0.91421725,0.9125399361022366,0.00279743,0.0020285024120128,0.0016773138977633,0.702793538570404,0.5676555633544922,0.8048500012028772,0.7624587921329415,0.7052462697029114,0.5677041411399841,0.805153126278057,0.7624789755780315,0.742422342300415,0.3521123826503753,0.8125436043014892,0.606492341503891,0.7215710282325745,0.5677041411399841,0.8059374022662208,0.7624812181830414,0.7300698757171631,0.3790621757507324,0.8091418673466932,0.626915745329775,0.702793538570404,0.5676555633544922,0.8048403781846176,0.7624587921329415
NonInvasiveFetalECGThorax1,0.9516539573669434,0.9547073841094972,0.95139949,0.9562849872773536,0.00311178,0.0010540618410792,-0.0048854972773536,0.83919358253479,0.8180529475212097,0.9229214748100196,0.9223964447425792,0.8411923050880432,0.8191048502922058,0.9259048691246832,0.9260199803550466,0.860852062702179,0.8633671402931213,0.9231016042780747,0.9148139718741766,0.8279857635498047,0.807264506816864,0.9156487475372924,0.916910232145852,0.8645684123039246,0.8513212203979492,0.9299296369265412,0.9223066050166504,0.8401364088058472,0.8176825046539307,0.9249817056009008,0.9246843630962364
NonInvasiveFetalECGThorax2,0.952671766281128,0.9567430019378662,0.96875318,0.9678371501272264,0.00120429,0.0016847781534093,0.0009160298727735,0.9091033935546876,0.9001481533050537,0.9275055141990628,0.9245807259073842,0.9061961770057678,0.8964544534683228,0.925294090616671,0.9222590738423028,0.9413701891899108,0.9299257397651672,0.9463342064148516,0.936226533166458,0.8839130401611328,0.8745918869972229,0.9066606929510156,0.9040675844806008,0.9363573789596558,0.9326250553131104,0.9444789081885856,0.940563204005006,0.9020453095436096,0.8923611640930176,0.9214226633581472,0.9184292866082604
OSULeaf,0.9090908765792848,0.8966941833496094,0.93801653,0.9537190082644628,0.00389591,0.0086283524867029,-0.0157024782644628,0.9056272506713868,0.9277204275131226,0.9144628099173554,0.935852534562212,0.9058268070220948,0.927720069885254,0.9159090909090908,0.9371428571428572,0.9178453087806702,0.924536108970642,0.921487603305785,0.9317972350230416,0.906760275363922,0.9229885935783386,0.9177685950413222,0.9329032258064516,0.9161228537559508,0.9309867024421692,0.9206611570247932,0.9382488479262672,0.9089080095291138,0.9282439351081848,0.91900826446281,0.9375115207373272
OliveOil,0.9000000357627869,0.9333333969116212,0.92666667,0.9066666666666668,0.01405457,0.0133333333333333,0.0200000033333331,0.6681764125823975,0.4740383625030517,0.7654320987654322,0.6428571428571429,0.6681764125823975,0.4740383625030517,0.7654320987654322,0.6428571428571429,0.6338573694229126,0.4235345125198364,0.7654320987654322,0.625,0.6681764125823975,0.4740383625030517,0.7654320987654322,0.6428571428571429,0.6681764125823975,0.4235345125198364,0.7777777777777778,0.625,0.6681764125823975,0.4740383625030517,0.7654320987654322,0.6428571428571429
PhalangesOutlinesCorrect,0.8286713361740112,0.8298368453979492,0.82995338,0.8354312354312354,0.00486635,0.0049667309446765,-0.0054778554312354,0.52961665391922,0.5527778267860413,0.7369901547116737,0.7444108819455133,0.52961665391922,0.5527778267860413,0.7369901547116737,0.7444108819455133,0.5363336801528931,0.5169247984886169,0.7232316273907594,0.7092696629213482,0.52961665391922,0.5527778267860413,0.7369901547116737,0.7444108819455133,0.5498734712600708,0.5591920614242554,0.7387793373326828,0.739071879328921,0.52961665391922,0.5527778267860413,0.7369901547116737,0.7444108819455133
Phoneme,0.2631856501102447,0.2616033554077148,0.27958861,0.2703586497890294,0.00315918,0.0032099417836926,0.0092299602109705,0.2918879091739654,0.3106115758419037,0.65282461845667,0.6613853686635945,0.3019341230392456,0.3169868588447571,0.6661067302823255,0.669559331797235,0.1434925645589828,0.2623605132102966,0.5448836111736717,0.6169657258064516,0.2961323261260986,0.3071075975894928,0.6629020388665663,0.663140841013825,0.194207102060318,0.2866492569446563,0.5690278194183643,0.6343332373271889,0.3019620478153229,0.3150253891944885,0.6646908706460881,0.6673631912442396
Plane,1.0,1.0,1.0,1.0,0.0,0.0,0.0,1.0,1.0,1.0,1.0,1.0,1.0,1.0,1.0,1.0,1.0,1.0,1.0,1.0,1.0,1.0,1.0,1.0,1.0,1.0,1.0,1.0,1.0,1.0,1.0
ProximalPhalanxOutlineAgeGroup,0.8097561001777649,0.8243902325630188,0.85512195,0.8585365853658538,0.00235632,0.0030851489367496,-0.0034146353658537,0.4495624005794525,0.5473349690437317,0.6918443002780352,0.7202498356344509,0.4461535215377807,0.5319333672523499,0.6896818041396354,0.7163050624589086,0.4327382743358612,0.5143863558769226,0.6966326845844918,0.6850756081525311,0.4419476687908172,0.5226938724517822,0.6862835959221502,0.7092373438527284,0.4416023194789886,0.5457763671875,0.6963237565647206,0.7128533859303091,0.4457627832889557,0.5317420959472656,0.6893728761198641,0.7161406969099278
ProximalPhalanxOutlineCorrect,0.8797250986099243,0.893470823764801,0.89896907,0.8996563573883162,0.00763268,0.0059122510426409,-0.0006872873883161,0.8197552561759949,0.8172516226768494,0.8591517857142857,0.8606699751861043,0.8197552561759949,0.8172516226768494,0.8591517857142857,0.8606699751861043,0.8010362386703491,0.716477632522583,0.8449776785714286,0.7790322580645161,0.8197552561759949,0.8172516226768494,0.8591517857142857,0.8606699751861043,0.8065587878227234,0.7951737642288208,0.8494419642857144,0.8362282878411911,0.8197552561759949,0.8172516226768494,0.8591517857142857,0.8606699751861043
ProximalPhalanxTW,0.795121967792511,0.800000011920929,0.81609756,0.8087804878048781,0.00652436,0.0081040232808956,0.0073170721951218,0.5644038319587708,0.5260117053985596,0.7049371895997664,0.6887269482450922,0.5626446604728699,0.5228956937789917,0.7043529068068946,0.6881320642474718,0.5791509747505188,0.493797093629837,0.7123867952088809,0.6817370612730518,0.5633891224861145,0.5212602615356445,0.7050832602979843,0.6872397382510411,0.5723008513450623,0.5094358325004578,0.7081507449605609,0.6809934562760263,0.5627912282943726,0.522193431854248,0.7043529068068946,0.6872397382510409
RefrigerationDevices,0.5199999809265137,0.5306666493415833,0.53466667,0.5173333333333332,0.01112,0.0101192885125388,0.0173333366666668,0.2199127227067947,0.1840028911828994,0.6294871794871795,0.5944495203289173,0.2123901546001434,0.1792470216751098,0.625128205128205,0.5930504796710826,0.1940949112176895,0.1516837030649185,0.6064957264957265,0.5723789401553221,0.1940126717090606,0.1735126376152038,0.6090028490028491,0.5895100502512562,0.2054395973682403,0.176358550786972,0.6179202279202279,0.5906806761078118,0.2089163064956665,0.1792519092559814,0.6218518518518519,0.5932503426222019
ScreenType,0.3786666691303253,0.3973333239555359,0.4856,0.5061333333333333,0.01435769,0.0108517279730004,-0.0205333333333333,0.1626427620649337,0.1252162307500839,0.5911563803421387,0.5713013007067768,0.1458298712968826,0.113551490008831,0.5759535755304358,0.567886203005286,0.1816800683736801,0.1164103895425796,0.5643776824034334,0.5419908534774603,0.1187256947159767,0.0933896601200103,0.5446714622498943,0.5526222011047098,0.1807372421026229,0.1118718162178993,0.5690926675935442,0.5436241610738255,0.1248664408922195,0.1086377128958702,0.5532853775010578,0.5636692997564886
ShapeletSim,0.9500000476837158,0.9833333492279052,1.0,1.0,0.0,0.0,0.0,0.9743855595588684,0.964310109615326,0.9701104613385314,0.96045197740113,0.9743855595588684,0.964310109615326,0.9701104613385314,0.96045197740113,0.96983402967453,0.9301519989967346,0.9655620532813516,0.9284369114877592,0.9743855595588684,0.964310109615326,0.9701104613385314,0.96045197740113,0.9718087315559388,0.9501233100891112,0.967511371020143,0.9472693032015068,0.9743855595588684,0.964310109615326,0.9701104613385314,0.96045197740113
ShapesAll,0.8583333492279053,0.8650000095367432,0.90816667,0.9076666666666666,0.00199536,0.0024944382578493,0.0005000033333333,0.8709524273872375,0.865495502948761,0.8932267275842376,0.9003306453531245,0.8655328750610352,0.8623509407043457,0.8906225014277556,0.9028759009491186,0.8689941167831421,0.8839322924613953,0.8867846944603084,0.900592307143367,0.850164532661438,0.8492019176483154,0.8818275271273558,0.8951925592901829,0.8760384917259216,0.8936359882354736,0.8925185608223871,0.9079426247056304,0.862698495388031,0.8598280549049377,0.8879725870930896,0.9004020076595544
SmallKitchenAppliances,0.8079999685287476,0.8133333325386047,0.82133333,0.7781333333333332,0.00547948,0.0071355136854717,0.0431999966666667,0.6412743330001831,0.6537243127822876,0.7650806747341401,0.7651053864168618,0.6454316973686218,0.6575874090194702,0.768976897689769,0.7698829039812646,0.6270008087158203,0.6774476766586304,0.747112211221122,0.7668852459016393,0.6502171754837036,0.6632541418075562,0.7733773377337733,0.7768618266978923,0.6523116827011108,0.6920499801635742,0.7694811147781444,0.7831381733021079,0.6470043063163757,0.6613182425498962,0.7703978731206453,0.7733957845433256
SonyAIBORobotSurface1,0.9517470598220824,0.9517470598220824,0.92412646,0.9252911813643924,0.00343692,0.0029248578754154,-0.0011647213643924,0.9386743307113647,0.944864809513092,0.943995659512901,0.9489992765854836,0.9386743307113647,0.944864809513092,0.943995659512901,0.9489992765854836,0.9427167177200316,0.9425269961357116,0.9471907402941884,0.9467687484928864,0.9386743307113647,0.944864809513092,0.943995659512901,0.9489992765854834,0.9409900903701782,0.9417667388916016,0.9458041958041958,0.9461056185194116,0.9386743307113647,0.944864809513092,0.943995659512901,0.9489992765854836
SonyAIBORobotSurface2,0.8342077136039734,0.8698845505714417,0.91636936,0.9162644281217208,0.00247574,0.0013920775615342,0.0001049318782792,0.6583564281463623,0.8125002980232239,0.7610381339065361,0.8531849488306937,0.6583564281463623,0.8125002980232239,0.7610381339065361,0.8531849488306937,0.6730287671089172,0.8252471685409546,0.7682987023326169,0.8636911942098915,0.6583564281463623,0.8125002980232239,0.7610381339065361,0.8531849488306937,0.6667149066925049,0.8223589062690735,0.7652495820396465,0.8612202809447838,0.6583564281463623,0.8125002980232239,0.7610381339065361,0.8531849488306937
StarLightCurves,0.967095673084259,0.9708595871925354,0.98107091,0.9810466245750364,0.00056212,0.0003093185819052,2.4285424963577107e-05,0.6492796540260315,0.8784695267677307,0.7852370727097102,0.9050337668834416,0.6494953036308289,0.8790105581283569,0.7853019321153664,0.905518384192096,0.6726296544075012,0.9048672318458556,0.7967426679916517,0.9226660205102551,0.6740759611129761,0.880094051361084,0.7883090921304694,0.9065595297648824,0.6827870607376099,0.8996866941452026,0.7932842718257691,0.920836459896615,0.6488991975784302,0.8792247772216797,0.7851305179718463,0.9057309904952476
Strawberry,0.8675675988197327,0.9486486911773682,0.98189189,0.981891891891892,0.00130553,0.0012385339716097,-1.891891976413262e-09,0.8180724382400513,0.7644444108009338,0.8589230084557187,0.8606987554355975,0.8180724382400513,0.7644444108009338,0.8589230084557187,0.8606987554355975,0.7848626971244812,0.6792375445365906,0.8366711170449487,0.7921727395411605,0.8180724382400513,0.7644444108009338,0.8589230084557187,0.8606987554355975,0.8022826313972473,0.7021567821502686,0.8484328310763557,0.8068675963412806,0.8180724382400513,0.7644444108009338,0.8589230084557187,0.8606987554355975
SwedishLeaf,0.9264000058174132,0.9359999895095824,0.96592,0.96816,0.00239109,0.001509436981129,-0.0022399999999999,0.9083636999130248,0.9091857671737672,0.9174739055342797,0.9194871794871794,0.9091086983680724,0.9098214507102966,0.9179995494480738,0.9197435897435898,0.92964369058609,0.9285888671875,0.9341818727941728,0.9334615384615386,0.8900942802429199,0.9024129509925842,0.900765938274386,0.912863247863248,0.9265638589859008,0.9304124712944032,0.9320417511451528,0.9355982905982906,0.9045337438583374,0.9087826013565063,0.9136066681685064,0.9186752136752137
Symbols,0.9708542823791504,0.9718592762947084,0.97457286,0.9737688442211055,0.00048547,0.0010492770360714,0.0008040157788944,0.5149138569831848,0.7977809309959412,0.7069322481616335,0.8667085241542325,0.5200367569923401,0.7957586646080017,0.7091811237238524,0.8660437287634806,0.6584514379501343,0.8237506747245789,0.7770757478403656,0.8764219234746639,0.5211693048477173,0.7943316698074341,0.7095023916613121,0.8649357364455607,0.5951968431472778,0.8136453628540039,0.7436995787820375,0.8716575565076082,0.5201084613800049,0.7954633235931396,0.7092525165988435,0.8657482641453687
SyntheticControl,0.9700000286102296,0.9900000095367432,0.997,0.9946666666666668,0.00245955,0.0016329931618554,0.0023333333333332,0.9911845922470092,0.98625648021698,0.988545246277205,0.9831649831649832,0.991191267967224,0.989698052406311,0.9885452462772052,0.9865319865319866,0.9885348081588744,0.987392008304596,0.9854906452844596,0.9842873176206508,0.9896443486213684,0.9908336400985718,0.9870179457808324,0.9876543209876544,0.988529622554779,0.9908453822135924,0.9858724704085527,0.9876543209876544,0.9904290437698364,0.9908336400985718,0.9877815960290188,0.9876543209876544
ToeSegmentation1,0.9166666865348816,0.9342105388641356,0.97017544,0.9631578947368424,0.00277393,0.0048840038270438,0.0070175452631576,0.8669297099113464,0.8427480459213257,0.8982624024175271,0.8813771517996869,0.8669297099113464,0.8427480459213257,0.8982624024175271,0.8813771517996869,0.8779762983322144,0.8203157782554626,0.9060690002518256,0.8604068857589985,0.8669297099113464,0.8427480459213257,0.8982624024175271,0.8813771517996869,0.8737351298332214,0.8279581069946289,0.902543439939562,0.8682316118935838,0.8669297099113464,0.8427480459213257,0.8982624024175271,0.8813771517996869
ToeSegmentation2,0.8769230842590332,0.8538461327552795,0.92615385,0.9276923076923078,0.00973009,0.0051024996774698,-0.0015384576923078,0.3100423812866211,0.8483788371086121,0.6688596491228069,0.8743480322427691,0.3100423812866211,0.8483788371086121,0.6688596491228069,0.8743480322427691,0.5074103474617004,0.8620707392692566,0.71875,0.8866761498340444,0.3100423812866211,0.8483788371086121,0.6688596491228069,0.8743480322427691,0.431530088186264,0.8587655425071716,0.6962719298245614,0.882882882882883,0.3100423812866211,0.8483788371086121,0.6688596491228069,0.8743480322427691
Trace,1.0,1.0,1.0,1.0,0.0,0.0,0.0,1.0,1.0,1.0,1.0,1.0,1.0,1.0,1.0,1.0,1.0,1.0,1.0,1.0,1.0,1.0,1.0,1.0,1.0,1.0,1.0,1.0,1.0,1.0,1.0
TwoLeadECG,0.976294994354248,0.9710272550582886,0.99912204,0.9991220368744512,0.0,0.0,3.1255488197601267e-09,0.7931527495384216,0.8681802749633789,0.9062416733280042,0.949161597895775,0.796789288520813,0.8735511898994446,0.9065247801758592,0.9493670886075948,0.849518895149231,0.865875244140625,0.918332001065814,0.9534769028439914,0.7905167937278748,0.8671864867210388,0.9053756994404476,0.9482437393829798,0.8093563318252563,0.8634761571884155,0.9123701039168666,0.9523535536193763,0.7931527495384216,0.8681802749633789,0.9062416733280042,0.949161597895775
TwoPatterns,1.0,1.0,1.0,1.0,0.0,0.0,0.0,1.0,1.0,1.0,1.0,1.0,1.0,1.0,1.0,1.0,1.0,1.0,1.0,1.0,1.0,1.0,1.0,1.0,1.0,1.0,1.0,1.0,1.0,1.0,1.0
UWaveGestureLibraryAll,0.9592406153678894,0.9617531895637512,0.97571189,0.9756560580681184,0.00041617,0.0008631839661496,5.58319318816336e-05,0.9235573410987854,0.9251863360404968,0.9319493836413796,0.934469717034102,0.9238201975822448,0.9250984191894532,0.9319493836413796,0.9341243524413888,0.9217187762260436,0.917165219783783,0.929449662717081,0.925865265432818,0.918079137802124,0.9172874093055724,0.9264416253368842,0.9265263314016928,0.925098955631256,0.923021137714386,0.9326410927009744,0.9314589005540664,0.9225207567214966,0.9228724837303162,0.9306656354155038,0.9319292744165352
UWaveGestureLibraryX,0.8174204230308533,0.8305415511131287,0.85463428,0.8535734226689001,0.00156298,0.0012500621539496,0.0010608573310998,0.7965821027755737,0.7989795207977295,0.8408809386541001,0.8418456937964642,0.7992491722106934,0.8003377318382263,0.8430591066325764,0.8430584358949511,0.7784987092018127,0.7844676375389099,0.823916712621781,0.832262816164357,0.7919001579284668,0.7908843159675598,0.8366321794421885,0.8352309886063156,0.7943917512893677,0.801342785358429,0.8368739660099263,0.8428712638267827,0.7980555295944214,0.79837965965271,0.841926417506392,0.8412897152271123
UWaveGestureLibraryY,0.751814603805542,0.7520937919616699,0.77289224,0.7801786711334449,0.00216747,0.0019430164870245,-0.0072864311334448,0.6668570041656494,0.6790779232978821,0.7765309971233172,0.7903006012694208,0.6762617826461792,0.6869069933891296,0.7822501114208106,0.7943595042704175,0.6229127645492554,0.6609745025634766,0.7454183804447393,0.7659877304921848,0.6686930656433105,0.6777564883232117,0.7731447234153288,0.7839639472434572,0.6624999046325684,0.6810777187347412,0.7697233631165581,0.7831596908712722,0.6741815805435181,0.6845773458480835,0.7797907084859843,0.7920336817886929
UWaveGestureLibraryZ,0.748115062713623,0.7617983818054199,0.79165271,0.7923764311644792,0.00155186,0.00170435012786,-0.0007237211644791,0.6989288926124573,0.708418071269989,0.7832885984362236,0.7887067551818148,0.702415406703949,0.7105478048324585,0.7865731579030134,0.7914162710186232,0.6848459839820862,0.6701235175132751,0.77318910570761,0.7671363447277678,0.6934871077537537,0.6959822773933411,0.7793398436885722,0.7806542717955947,0.7102733850479126,0.7042962908744812,0.791202247256108,0.7865889924468754,0.7006707787513733,0.7084376811981201,0.7847365855313851,0.7894527852361684
Wafer,0.9445165395736694,0.9724205136299132,0.99826411,0.9976638546398444,0.00025422,0.0005291858024107,0.0006002553601556,0.5380480289459229,0.5510727167129517,0.7446020438706982,0.778789573887613,0.5380480289459229,0.5510727167129517,0.7446020438706982,0.7787895738876132,0.5655626654624939,0.4496711194515228,0.7592224291405256,0.733612043415965,0.5380480289459229,0.5510727167129517,0.7446020438706982,0.778789573887613,0.5570115447044373,0.5262426733970642,0.7553979561293018,0.7709768592121533,0.5380480289459229,0.5510727167129517,0.7446020438706982,0.7787895738876132
Wine,0.8888888955116272,0.944444477558136,0.80740741,0.8222222222222222,0.01990681,0.023715274953455,-0.0148148122222221,0.5935702919960022,0.0357301756739616,0.6875,0.3856209150326797,0.5935702919960022,0.0357301756739616,0.6875,0.3856209150326797,0.6760096549987793,0.091271698474884,0.7569444444444444,0.4052287581699346,0.5935702919960022,0.0357301756739616,0.6875,0.3856209150326797,0.6529229283332825,0.0555345118045806,0.736111111111111,0.3921568627450981,0.5935702919960022,0.0357301756739616,0.6875,0.3856209150326797
WordSynonyms,0.6583071947097778,0.6739811897277832,0.75517241,0.7501567398119123,0.00360464,0.0027328520022198,0.0050156701880876,0.7706729173660278,0.7668289542198181,0.8333333333333334,0.8329830053667262,0.7740625143051147,0.7701862454414368,0.8373962429008299,0.83682915921288,0.736747145652771,0.6597580909729004,0.8009174311926607,0.7484906082289804,0.7565624713897705,0.7611569762229919,0.8240498034076016,0.8293716457960644,0.7551016211509705,0.7003931999206543,0.8155744866754041,0.7764311270125224,0.7711487412452698,0.7689207792282104,0.8344255133245959,0.8355322003577818
Worms,0.7532467246055603,0.7662337422370911,0.72727273,0.7233766233766235,0.00865801,0.0059513970064361,0.0038961066233765,0.4891504347324371,0.5362169742584229,0.6869328493647913,0.6977401129943502,0.4737377166748047,0.5534338355064392,0.6733212341197822,0.7024482109227872,0.5084314942359924,0.4893700778484344,0.6851179673321235,0.6760828625235404,0.4661131203174591,0.5515643358230591,0.6606170598911071,0.6967984934086628,0.4976955056190491,0.515297532081604,0.6851179673321235,0.6883239171374764,0.4691357612609863,0.5484524369239807,0.6696914700544465,0.6977401129943502
WormsTwoClass,0.7922077775001526,0.7922077775001526,0.7987013,0.7961038961038961,0.01402758,0.0059513970064361,0.0025974038961038,0.3248094320297241,0.275035947561264,0.625,0.5973360655737705,0.3248094320297241,0.275035947561264,0.625,0.5973360655737705,0.2866073548793793,0.2951260209083557,0.6127049180327868,0.5768442622950819,0.3248094320297241,0.275035947561264,0.625,0.5973360655737705,0.3211317956447601,0.2708708643913269,0.6157786885245902,0.5840163934426229,0.3248094320297241,0.275035947561264,0.625,0.5973360655737705
Yoga,0.8443333506584167,0.847000002861023,0.90853333,0.9046666666666668,0.00423449,0.0030912061651652,0.0038666633333332,0.4701285064220428,0.5274556279182434,0.7281976412426633,0.7435650109446901,0.4701285064220428,0.5274556279182434,0.7281976412426633,0.7435650109446901,0.5192837715148926,0.5268361568450928,0.7511199067385458,0.7302830529211991,0.4689611494541168,0.5274556279182434,0.7281976412426632,0.7435650109446901,0.4994024932384491,0.5414832830429077,0.7429739008260132,0.7459948779021863,0.4701285064220428,0.5274556279182434,0.7281976412426633,0.7435650109446901
ACSF1,0.8299999833106995,0.8299999833106995,0.878,0.8879999999999999,0.01032796,0.004,-0.0099999999999998,0.5536333322525024,0.724190890789032,0.7994330262225371,0.8171509567682496,0.5567017197608948,0.7233870625495911,0.8058114812189935,0.8214032600992205,0.5672147870063782,0.6886581182479858,0.7675407512402551,0.7710843373493975,0.5387669801712036,0.718795895576477,0.7916371367824238,0.8249468462083629,0.5725414156913757,0.7066032290458679,0.7753366406803686,0.7951807228915663,0.557875394821167,0.7329350709915161,0.806520198440822,0.8299078667611622
AllGestureWiimoteX,0.6228571534156799,0.6314285397529602,0.76185714,0.7114285714285715,0.00323319,0.0049897854847351,0.0504285685714285,0.6895205974578857,0.6682493090629578,0.8116051570753406,0.7981953067452384,0.6818447113037109,0.6626740097999573,0.8084514873505699,0.7964414746220491,0.6770029664039612,0.6497736573219299,0.7830831248262441,0.778324388789505,0.6527887582778931,0.6426261067390442,0.7854462051709759,0.7815952856992529,0.6896957159042358,0.6683077812194824,0.7996941896024463,0.7931355010698375,0.6724904179573059,0.6572346687316895,0.7999721990547679,0.7914868988740398
AllGestureWiimoteY,0.6995708346366882,0.6981402039527893,0.76171429,0.7649499284692418,0.01728512,0.0039465276750024,-0.0032356384692417,0.6094554662704468,0.6552727818489075,0.7438893757912163,0.7658107373164479,0.6296831369400024,0.6696233153343201,0.7578926867270426,0.7779115841814933,0.5830428004264832,0.5875028967857361,0.7189989288148797,0.7240404785952917,0.6421451568603516,0.6831040382385254,0.7681858019281331,0.7885362442700645,0.6036969423294067,0.6361493468284607,0.7342292336157366,0.7535836376349935,0.6341318488121033,0.6739820837974548,0.7619534521375013,0.7819613860616891
AllGestureWiimoteZ,0.5557143092155457,0.5671428442001343,0.74914286,0.7058571428571428,0.00495787,0.0059744353332361,0.0432857171428571,0.5059573650360107,0.513247013092041,0.6991378669025202,0.701340914947918,0.5203147530555725,0.5198148488998413,0.7095198340207804,0.7076090480584583,0.5360178351402283,0.4865509271621704,0.7182651534563849,0.671887339867488,0.5266088247299194,0.5209232568740845,0.7146033609138775,0.7115827451762808,0.547814130783081,0.50815349817276,0.726101224179403,0.6863688887780466,0.5236029624938965,0.5231823325157166,0.7118260193917954,0.7100448080072492
BME,0.9866666793823242,0.9800000190734864,1.0,1.0,0.0,0.0,0.0,0.9860221147537231,0.9395803213119508,0.9797297297297298,0.9365079365079364,0.9860221147537231,0.9395803213119508,0.9797297297297298,0.9365079365079364,0.9823585152626038,0.958612322807312,0.9763513513513512,0.9569160997732428,0.9860221147537231,0.9419503808021544,0.9797297297297298,0.9387755102040816,0.9860221147537231,0.9562420845031738,0.9797297297297298,0.9546485260770976,0.9860221147537231,0.9395803213119508,0.9797297297297298,0.9365079365079364
Chinatown,0.9766764044761658,0.9620991349220276,0.98017493,0.9825072886297376,0.00122926,0.0,-0.0023323586297375,0.7862858772277832,0.8240944743156433,0.8216417910447762,0.8627039627039627,0.7862858772277832,0.8240944743156433,0.8216417910447762,0.8627039627039627,0.7884678244590759,0.8232112526893616,0.8227611940298508,0.8638694638694638,0.7862858772277832,0.8240944743156433,0.8216417910447762,0.8627039627039627,0.7866640686988831,0.8212940096855164,0.8216417910447762,0.8620046620046619,0.7862858772277832,0.8240944743156433,0.8216417910447762,0.8627039627039627
Crop,0.7192261815071106,0.7212499976158142,0.75020833,0.7555535714285714,0.00153106,0.0011724981808629,-0.0053452414285714,0.7959959506988525,0.8020448088645935,0.8440817733873813,0.8482936962170267,0.8073750734329224,0.812162458896637,0.8539383917445709,0.8570828330814209,0.7487356662750244,0.780383825302124,0.8067307265654658,0.8324081327422073,0.7963841557502747,0.7987717986106873,0.8461452867753041,0.8474786836599966,0.777921199798584,0.8001114130020142,0.8281746083476644,0.8455248705010833,0.8063435554504395,0.8101431131362915,0.8532112993951401,0.8555444830018855
DodgerLoopDay,0.594936728477478,0.594936728477478,0.57625,0.5683544303797469,0.01811422,0.0207610372998186,0.0078955696202531,0.6544219255447388,0.6224300861358643,0.7413563829787234,0.7180851063829787,0.6724914908409119,0.6548067331314087,0.7566489361702129,0.7539893617021277,0.652137815952301,0.5490893721580505,0.7460106382978723,0.6821808510638298,0.6773285269737244,0.6705914735794067,0.7659574468085107,0.7666223404255319,0.6792032718658447,0.6167730093002319,0.7686170212765958,0.7214095744680852,0.6834977865219116,0.6749421954154968,0.7672872340425532,0.7726063829787234
DodgerLoopGame,0.8529411554336548,0.8602941036224365,0.87246377,0.8676470588235293,0.01090975,1.1102230246251563e-16,0.0048167111764706,0.4922522008419037,0.472749263048172,0.7060344827586207,0.7462887989203778,0.4968388974666595,0.472749263048172,0.70625,0.7462887989203778,0.5036206245422363,0.4666857719421386,0.7094827586206897,0.7386414754835807,0.4578281939029693,0.472749263048172,0.7060344827586207,0.7462887989203778,0.4816677868366241,0.4638155698776245,0.7073275862068966,0.736842105263158,0.4922522008419037,0.472749263048172,0.7060344827586207,0.7462887989203778
DodgerLoopWeekend,0.9191176295280457,0.9485294222831726,0.97246377,0.9698529411764704,0.00571602,0.0022058823529411,0.0026108288235294,0.3549357652664184,-0.3221560716629028,0.6072727272727272,0.5027685492801772,0.3870271444320678,-0.3221560716629028,0.6116363636363636,0.5011074197120708,0.032791893929243,-0.3151163756847381,0.5876363636363636,0.5083056478405316,-0.4788627326488495,-0.3221560716629028,0.5563636363636364,0.5027685492801772,-0.4726495444774627,-0.3198561072349548,0.5607272727272727,0.5049833887043189,0.3549357652664184,-0.3221560716629028,0.6072727272727273,0.5027685492801772
EOGHorizontalSignal,0.5441989302635193,0.5497238039970398,0.64088398,0.6348066298342542,0.00664006,0.0072877933471121,0.0060773501657458,0.5629224181175232,0.5324546694755554,0.7445316105214581,0.7353639362456454,0.559540867805481,0.5375620722770691,0.7443777880326103,0.7380768875050097,0.5826559662818909,0.570799708366394,0.758560221504384,0.7352714492708943,0.5631116032600403,0.5429158210754395,0.7477311182894939,0.7426395782593951,0.5922176241874695,0.564433217048645,0.7676357483464082,0.7411289576717944,0.5606524348258972,0.5381290316581726,0.7451469004768498,0.7376761106144217
EOGVerticalSignal,0.4972375929355621,0.5,0.54226519,0.5370165745856353,0.00930429,0.0052703823282704,0.0052486154143646,0.6294315457344055,0.6217325925827026,0.7463980463980464,0.7435365220841854,0.6362988948822021,0.6229056715965271,0.7549145299145299,0.7443911968499131,0.620919942855835,0.5787131786346436,0.7491147741147741,0.712707182320442,0.6481432914733887,0.6230834722518921,0.7667277167277167,0.7448795824303289,0.6377573013305664,0.6011765599250793,0.7584859584859585,0.7239705747687799,0.6418218612670898,0.621374249458313,0.7607448107448107,0.7426207991209061
EthanolLevel,0.5360000133514404,0.5460000038146973,0.582,0.585,0.00816497,0.0066483080554378,-0.003,0.6357936263084412,0.6207084655761719,0.7591675244467317,0.75425602297849,0.6552606225013733,0.6358391642570496,0.773031394750386,0.7656968582078714,0.6903968453407288,0.5791317224502563,0.7818611682964488,0.7308902551193301,0.6752996444702148,0.6477240324020386,0.7890986875965003,0.7776863371577027,0.7124106884002686,0.6504186987876892,0.7977997941327843,0.7636636491262042,0.6636240482330322,0.6437014937400818,0.7798989963973237,0.7722967194332834
FreezerRegularTrain,0.9898245930671692,0.9961403608322144,0.99757895,0.9974385964912283,0.0002589,0.0001607921296476,0.0001403535087716,0.867111086845398,0.9770119190216064,0.9313278490141672,0.9774888725223352,0.867111086845398,0.9770119190216064,0.9313278490141672,0.9774888725223352,0.9100574254989624,0.9719234108924866,0.9426346734466868,0.9724614941240514,0.867111086845398,0.9770119190216064,0.9313278490141672,0.9774888725223352,0.9033747911453248,0.9732093214988708,0.9398476940189954,0.9737423548624676,0.867111086845398,0.9770119190216064,0.9313278490141672,0.9774888725223352
FreezerSmallTrain,0.909473717212677,0.9270175695419312,0.95192982,0.951157894736842,0.00676141,0.0021099363338067,0.000771925263158,0.7411192655563354,0.8595631122589111,0.8066838034740166,0.9076793877016248,0.7425710558891296,0.8598570823669434,0.8067824971289119,0.9076802975601236,0.7739924192428589,0.8622692227363586,0.8305086013015599,0.9106282390962558,0.7226102352142334,0.8595631122589111,0.80652903387884,0.9076802975601236,0.7491569519042969,0.8613857626914978,0.8229241434587041,0.9099185494671868,0.7411192655563354,0.8595631122589111,0.8066838034740167,0.9076793877016248
Fungi,0.5322580933570862,0.7795698642730713,1.0,1.0,0.0,0.0,0.0,0.2862400412559509,0.9048305749893188,0.5851619644723093,0.9128679562657696,0.2995212376117706,0.8869978189468384,0.5872518286311389,0.9009251471825062,0.3931962847709656,0.9403223991394044,0.6256821084407291,0.944995794785534,0.3177284002304077,0.7929722666740417,0.5934053175432485,0.8351555929352397,0.3446064591407776,0.9525206089019777,0.6073377452687797,0.9545836837678722,0.2992463409900665,0.8657726645469666,0.5866713108092418,0.8847771236333053
GestureMidAirD1,0.7230769395828247,0.7230769395828247,0.80615385,0.8153846153846154,0.00324336,0.0059584359172421,-0.0092307653846154,0.6812706589698792,0.698678731918335,0.7627068557919623,0.779550827423168,0.6777472496032715,0.7002797722816467,0.7615248226950355,0.7804373522458629,0.6977449059486389,0.5352818965911865,0.7783687943262412,0.6755319148936171,0.6485047340393066,0.6747921705245972,0.7514775413711585,0.7659574468085107,0.7212152481079102,0.6097069978713989,0.7907801418439716,0.7183806146572104,0.672927975654602,0.6920031309127808,0.7576832151300237,0.774822695035461
GestureMidAirD2,0.6692307591438293,0.6692307591438293,0.68307692,0.7023076923076923,0.00486504,0.0035250582268891,-0.0192307723076923,0.5310853123664856,0.5303932428359985,0.7209302325581395,0.7383052659716653,0.5509671568870544,0.570796549320221,0.7372360331462178,0.7612937717187919,0.4460384249687195,0.3026456236839294,0.664795509222133,0.6145415664260894,0.5328059196472168,0.5683808922767639,0.731355252606255,0.7634322373696872,0.5090660452842712,0.4405324161052704,0.7054263565891474,0.6784282277465918,0.55317223072052,0.5758498907089233,0.7404437316225608,0.7658380112269446
GestureMidAirD3,0.4615384638309479,0.4153846204280853,0.57846154,0.5,0.00606777,0.0124034734589208,0.07846154,0.2152206748723983,0.405161052942276,0.5747619047619048,0.6868908382066277,0.2431971281766891,0.4181505739688873,0.5959523809523809,0.699317738791423,0.2820956110954284,0.4018440842628479,0.6297619047619049,0.6798245614035088,0.2481490969657898,0.4010397791862488,0.595,0.6698343079922027,0.3024327456951141,0.4205993115901947,0.6354761904761905,0.6920077972709552,0.2471571713685989,0.4062751829624176,0.6007142857142858,0.6883528265107212
GesturePebbleZ1,0.8139534592628479,0.8139534592628479,0.96627907,0.8534883720930232,0.03486218,0.0085447316608715,0.1127906979069768,0.7374836802482605,0.7457267045974731,0.789955357142857,0.8071428571428572,0.7403494715690613,0.744141161441803,0.7957589285714284,0.8100446428571428,0.741259753704071,0.7563425898551941,0.796875,0.8185267857142857,0.7510471343994141,0.7506048083305359,0.8082589285714287,0.8169642857142857,0.7374448776245117,0.7666500210762024,0.7904017857142855,0.8236607142857143,0.7453425526618958,0.7491508722305298,0.8008928571428572,0.8147321428571428
GesturePebbleZ2,0.7341772317886353,0.7278481125831604,0.89113924,0.7955696202531646,0.00833267,0.0075154063842012,0.0955696197468354,0.662415623664856,0.6523042917251587,0.7822249589490968,0.7813953488372093,0.6650602221488953,0.6508777141571045,0.784688013136289,0.7799797775530839,0.6797311902046204,0.6546502113342285,0.7879720853858785,0.7799797775530839,0.6598080992698669,0.6455205082893372,0.7818144499178983,0.7749241658240646,0.6751654148101807,0.6653032302856445,0.788382594417077,0.7906976744186046,0.6636770367622375,0.6481346487998962,0.7828407224958949,0.7767441860465116
GunPointAgeSpan,0.9525316953659058,0.9462025761604308,0.99683544,0.9968354430379748,0.0,1.1102230246251563e-16,-3.0379747606446013e-09,0.9342160820961,0.955555021762848,0.9382059800664452,0.956128270706276,0.9342160820961,0.955555021762848,0.9382059800664452,0.956128270706276,0.9372270703315736,0.9715541005134584,0.9397563676633444,0.9710800708243162,0.9342160820961,0.955555021762848,0.9382059800664452,0.956128270706276,0.9365843534469604,0.965665638446808,0.9397563676633442,0.9657682470981704,0.9342160820961,0.955555021762848,0.9382059800664452,0.956128270706276
GunPointMaleVersusFemale,0.9873418211936952,0.9873418211936952,0.99778481,0.9974683544303796,0.00152863,0.0012658227848101,0.0003164555696202,0.9865126609802246,0.9681687355041504,0.984775641025641,0.967147435897436,0.9865126609802246,0.9681687355041504,0.984775641025641,0.967147435897436,0.987373948097229,0.9743220210075378,0.9855769230769232,0.9735576923076924,0.9865126609802246,0.9681687355041504,0.984775641025641,0.967147435897436,0.987373948097229,0.9752198457717896,0.9855769230769232,0.9743589743589745,0.9865126609802246,0.9681687355041504,0.984775641025641,0.967147435897436
GunPointOldVersusYoung,0.9936507940292358,0.9873015880584716,0.99047619,0.993015873015873,0.00334633,0.0019047619047618,-0.002539683015873,0.9869394898414612,0.999968409538269,0.9840255591054312,0.9967845659163987,0.9869394898414612,0.999968409538269,0.9840255591054312,0.9967845659163987,0.9771206378936768,0.9780380129814148,0.97444089456869,0.9766881028938906,0.9869394898414612,0.999968409538269,0.9840255591054312,0.9967845659163987,0.9820433259010316,0.9917330741882324,0.9792332268370608,0.9895498392282958,0.9869394898414612,0.999968409538269,0.9840255591054312,0.9967845659163987
HouseTwenty,0.8991597294807434,0.890756368637085,0.96386555,0.9596638655462184,0.00405921,0.0050420168067226,0.0042016844537815,0.8228744864463806,0.9148024320602416,0.8465732087227413,0.9187227866473152,0.8228744864463806,0.9148024320602416,0.8465732087227413,0.9187227866473152,0.8322992920875549,0.9170633554458618,0.8535825545171339,0.9216255442670536,0.8228744864463806,0.9148024320602416,0.8465732087227413,0.9187227866473152,0.8276354074478149,0.9152543544769288,0.8496884735202492,0.9201741654571844,0.8228744864463806,0.9148024320602416,0.8465732087227413,0.9187227866473152
InsectEPGRegularTrain,0.9879517555236816,0.9919678568840028,0.99959839,1.0,0.00126999,0.0,-0.00040161,0.9999662041664124,0.9999823570251464,0.9959349593495936,0.9979757085020242,0.9999662041664124,0.9999823570251464,0.9959349593495936,0.9979757085020242,0.986046314239502,0.9684560298919678,0.9823848238482386,0.965587044534413,0.9999662041664124,1.002031326293945,0.997289972899729,1.0,0.9930379986763,0.9769741296768188,0.9905149051490516,0.9736842105263158,0.9999662041664124,0.9999823570251464,0.997289972899729,0.9979757085020242
InsectEPGSmallTrain,0.9236947298049928,0.9196786880493164,0.9815261,0.9835341365461848,0.00431714,0.0028112449799196,-0.0020080365461847,0.952365219593048,0.9202768802642822,0.9533180778032035,0.9270742358078602,0.952365219593048,0.9198929071426392,0.9533180778032035,0.9268558951965066,0.9567782282829284,0.8543792963027954,0.95720823798627,0.8705240174672488,0.952365219593048,0.9096972346305848,0.9533180778032035,0.916593886462882,0.9550715684890748,0.8619589805603027,0.9556064073226544,0.8768558951965065,0.9160585999488832,0.9138715863227844,0.9336384439359268,0.9216157205240174
MelbournePedestrian,0.8834154605865479,0.8887520432472229,0.90348503,0.9064860426929392,0.00293248,0.0020996242779219,-0.0030010126929392,0.8893909454345703,0.9058995842933656,0.9074329807843342,0.918781691281116,0.8913697600364685,0.9064462780952454,0.9094815173569296,0.9192776731462464,0.8972140550613403,0.8663014769554138,0.9097204042096444,0.884153294188831,0.8839317560195923,0.8994463682174683,0.9032851850882244,0.9129867141627536,0.8994835019111633,0.8830191493034363,0.9130222786533329,0.8980663524880053,0.8900775909423828,0.9045718312263488,0.9082789020367558,0.9174846390496236
MixedShapesRegularTrain,0.9447422623634338,0.946391761302948,0.97043299,0.9712164948453608,0.00091282,0.0013775911825558,-0.0007835048453608,0.8862947821617126,0.9307715892791748,0.920118959979674,0.941608848667672,0.884656548500061,0.9305124878883362,0.9196629250083064,0.941773085302497,0.9305723905563354,0.9420128464698792,0.9393212896668992,0.948781632311044,0.8815292716026306,0.9275937676429749,0.9175521345694052,0.9390849673202616,0.9237313866615297,0.9402413368225098,0.936262597966084,0.9481481481481482,0.8844857811927795,0.9301098585128784,0.9195065701609804,0.9413775766716944
MixedShapesSmallTrain,0.9076288342475892,0.9055669903755188,0.93863918,0.9367835051546392,0.00169245,0.0015869592911252,0.0018556748453608,0.862496554851532,0.8967708349227905,0.901570714610242,0.9139881165437757,0.8606621623039246,0.8988683819770813,0.9014997241513596,0.9160124402446688,0.9072955250740052,0.8902277946472168,0.9216508729798144,0.9028125770555436,0.8587775230407715,0.9005159139633179,0.9006458103459467,0.9177106449996422,0.8951087594032288,0.8914066553115845,0.915833711949114,0.9050874555563508,0.8606982231140137,0.899895191192627,0.9015362335302136,0.9170405103363798
PLAID,0.7616387605667114,0.7951582670211792,0.88957169,0.8456238361266294,0.00393076,0.0040328506196848,0.0439478538733706,0.8032875061035156,0.8628917932510376,0.8530333129584351,0.8839259101554184,0.8126041889190674,0.8663036227226257,0.8596424205378973,0.8869916968277625,0.7622455954551697,0.8086127042770386,0.8192810207823961,0.8491164573131785,0.806990385055542,0.8622621893882751,0.8542558068459659,0.8839684905258677,0.7971475124359131,0.8553460240364075,0.8465388141809291,0.8784756227379178,0.8124905228614807,0.8659709095954895,0.8593558985330073,0.8867149244198425
PickupGestureWiimoteZ,0.6599999666213989,0.6800000071525574,0.81,0.7,0.02160247,0.0,0.1100000000000001,0.7028419375419617,0.8478654623031616,0.7718360071301248,0.8676470588235294,0.7304322719573975,0.8585716485977173,0.7914438502673797,0.875,0.6465832591056824,0.7452448010444641,0.7183600713012478,0.7977941176470589,0.7575654983520508,0.8692800998687744,0.8128342245989305,0.8841911764705882,0.6841766834259033,0.7826771140098572,0.7433155080213905,0.8198529411764706,0.733583390712738,0.8585716485977173,0.7950089126559715,0.875
PigAirwayPressure,0.144230768084526,0.1298076957464218,0.08846154,0.4423076923076922,0.00336157,0.0098528372749611,-0.3538461523076922,0.5219915509223938,0.575674295425415,0.7464419475655432,0.807243707796194,0.5743672847747803,0.5908163785934448,0.7717228464419476,0.7982402291794557,0.1220209226012229,0.3689338266849518,0.4900749063670412,0.6093718027419684,0.4616388976573944,0.449491024017334,0.6739700374531835,0.6683036627788008,0.3060605823993683,0.4682947993278503,0.5720973782771536,0.6488643339472068,0.521864652633667,0.5171223878860474,0.7308988764044944,0.7346020053202373
PigArtPressure,0.8125000596046448,0.8076923489570618,0.95288462,0.9576923076923078,0.00379236,0.0019230769230769,-0.0048076876923078,0.6089320778846741,0.8585442304611206,0.8302230314064634,0.8816964285714286,0.6108974814414978,0.8459298610687256,0.8311333636777423,0.8741071428571427,0.7991296648979187,0.8366423845291138,0.8704293733879532,0.8599702380952381,0.5857247710227966,0.817952036857605,0.8220300409649522,0.8574404761904763,0.7247537970542908,0.8614298701286316,0.8631467152177211,0.8782738095238094,0.6092236638069153,0.8406295776367188,0.8294644211803975,0.8699404761904762
PigCVP,0.6826923489570618,0.6875,0.93269231,0.9442307692307692,0.00392546,0.0031890622984186,-0.0115384592307692,-0.1400981992483139,-0.138180062174797,0.5991250533504054,0.5992469069392146,-0.1469582468271255,-0.1442328095436096,0.5949637217242851,0.5968800430338892,-0.1188315823674202,-0.1668915599584579,0.6070209133589415,0.5648197955890264,-0.1705774813890457,-0.1743183881044387,0.5802390098164746,0.5779451317912856,-0.1261601150035858,-0.1578714549541473,0.6048868971404182,0.5784830554061323,-0.148547276854515,-0.146916314959526,0.5941101152368757,0.5954814416352877
PowerCons,0.9611111283302308,0.9666666984558104,0.93111111,0.9472222222222222,0.00702728,0.0056927504255331,-0.0161111122222221,0.8833028674125671,0.8991793990135193,0.902559867877787,0.913793103448276,0.8833028674125671,0.8991793990135193,0.902559867877787,0.913793103448276,0.8850386142730713,0.9049665331840516,0.9042113955408752,0.9118773946360156,0.8833028674125671,0.8991793990135193,0.902559867877787,0.913793103448276,0.8840447068214417,0.9148226976394652,0.9033856317093312,0.9233716475095786,0.8833028674125671,0.8991793990135193,0.902559867877787,0.913793103448276
Rock,0.6599999666213989,0.6599999666213989,0.898,0.9,0.00632456,0.0,-0.002,0.7218368053436279,0.6899620890617371,0.7629233511586453,0.7754010695187167,0.7201376557350159,0.6770245432853699,0.7611408199643493,0.768270944741533,0.7450066208839417,0.6758084893226624,0.7843137254901962,0.7629233511586453,0.7271372079849243,0.6650782227516174,0.768270944741533,0.7557932263814616,0.7364122271537781,0.6872600317001343,0.7771836007130125,0.7718360071301248,0.7216763496398926,0.671816885471344,0.7629233511586453,0.7629233511586453
SemgHandGenderCh2,0.871666669845581,0.8966667056083679,0.923,0.8985,0.00581611,0.0063879226322455,0.0245,0.8210741877555847,0.7954898476600647,0.8548583347818529,0.8338230003597554,0.8210741877555847,0.7954898476600647,0.8548583347818529,0.8338230003597554,0.7946682572364807,0.767488420009613,0.8357378758908395,0.8173042331214775,0.8210741877555847,0.7954898476600647,0.8548583347818529,0.8338230003597554,0.8078707456588745,0.7913877367973328,0.8449256288644434,0.8319043050725508,0.8210741877555847,0.7954898476600647,0.8548583347818529,0.8338230003597554
SemgHandMovementCh2,0.5844444632530212,0.6222222447395325,0.64444444,0.6062222222222222,0.00863845,0.0112348663642351,0.0382222177777777,0.6482769250869751,0.6714847683906555,0.7541530265753036,0.7736554621848738,0.6773862838745117,0.697144091129303,0.7752384050751306,0.7910294117647059,0.3115228712558746,0.5022669434547424,0.5804883999918669,0.6722268907563025,0.6677074432373047,0.6912684440612793,0.7709684634309997,0.7910084033613445,0.4669051170349121,0.5680831074714661,0.6608243020678718,0.7065546218487395,0.676232099533081,0.6982811093330383,0.7749944084097516,0.792689075630252
SemgHandSubjectCh2,0.8133333325386047,0.8311111330986023,0.88355556,0.8455555555555556,0.00603601,0.0080277297191948,0.0380000044444444,0.8318566083908081,0.8568438291549683,0.8609810044236275,0.8796087813115677,0.8567378520965576,0.8736671209335327,0.8814077543585741,0.8939276667604842,0.7149703502655029,0.79496830701828,0.7686703096539161,0.8346467773712356,0.8741196990013123,0.8858224153518677,0.8947111631537861,0.90384886011821,0.779601514339447,0.8386025428771973,0.8186312776476711,0.8658879819870532,0.8666126132011414,0.8813735246658325,0.8901249024199844,0.900963974106389
ShakeGestureWiimoteZ,0.7199999690055847,0.7999999523162842,0.892,0.8800000000000001,0.01032796,1.1102230246251563e-16,0.0119999999999999,0.7313511371612549,0.6868199110031128,0.8194444444444444,0.8125,0.7305306792259216,0.6815937757492065,0.8194444444444445,0.81,0.7325218319892883,0.6254933476448059,0.8174603174603174,0.7549999999999999,0.7274408936500549,0.6914412379264832,0.8154761904761905,0.8075000000000001,0.7317536473274231,0.6203117370605469,0.8174603174603174,0.76,0.7230032682418823,0.6846234798431396,0.8115079365079365,0.8125
SmoothSubspace,0.9399999976158142,0.9466667175292968,0.97933333,0.9793333333333332,0.00210819,0.0019999999999999,-3.333333276067662e-09,0.800890326499939,0.8451659679412842,0.8321513002364067,0.8617957746478873,0.800890326499939,0.8441155552864075,0.8321513002364067,0.8609154929577465,0.8265437483787537,0.8727526664733887,0.8502758077226162,0.8820422535211268,0.7956369519233704,0.8402588367462158,0.8282111899133175,0.858274647887324,0.8164860606193542,0.8637481331825256,0.8416075650118203,0.875,0.800890326499939,0.8441155552864075,0.8321513002364067,0.8609154929577465
UMD,0.9722222089767456,0.9722222089767456,0.99236111,0.986111111111111,0.00219603,1.1102230246251563e-16,0.0062499988888889,0.7228089570999146,0.3071710765361786,0.8303571428571429,0.75625,0.7228089570999146,0.3072101771831512,0.8303571428571429,0.7526785714285715,0.7081267237663269,0.1613866090774536,0.8196428571428571,0.7464285714285714,0.7191483974456787,0.0493534244596958,0.8250000000000001,0.7464285714285714,0.7155008316040039,0.1595231592655182,0.8267857142857143,0.7446428571428572,0.7173376679420471,0.1173029690980911,0.8285714285714286,0.75
