,accuracy,predictive_entropy_roc_auc,predictive_entropy,mutual_information_roc_auc,mutual_information,margin_roc_auc,margin,std_averaged_over_ensemble_roc_auc,std_averaged_over_ensemble,std_roc_auc,std,maxprob_roc_auc,maxprob
Adiac,0.7979539632797241,0.8061100292112949,0.6921593546867371,0.8203911067835118,0.7219384908676147,0.8399464459591043,0.7403334975242615,0.8422995780590719,0.7490295171737671,0.8291950665368388,0.7256587147712708,0.8374716001298279,0.7361027002334595
ArrowHead,0.7542856931686401,0.7544045102184637,0.5991968512535095,0.7626849894291754,0.6151570081710815,0.7538759689922481,0.5979210138320923,0.7596899224806203,0.6098731160163879,0.7544045102184637,0.5992234945297241,0.7545806906272022,0.5993747711181641
Beef,0.8000000715255737,0.7222222222222223,0.5321995615959167,0.7152777777777779,0.5282079577445984,0.7222222222222222,0.5347383618354797,0.7361111111111112,0.5528271198272705,0.7152777777777777,0.5241600871086121,0.7152777777777777,0.5241600871086121
BeetleFly,0.699999988079071,0.40476190476190477,-0.21400214731693268,0.35714285714285715,-0.2969340682029724,0.40476190476190477,-0.21400214731693268,0.38095238095238093,-0.25152647495269775,0.40476190476190477,-0.21400214731693268,0.40476190476190477,-0.21400214731693268
BirdChicken,0.9000000357627869,0.6388888888888888,0.5530786514282227,0.6944444444444444,0.6457622647285461,0.6388888888888888,0.5530786514282227,0.6944444444444444,0.6457622647285461,0.6388888888888888,0.5530786514282227,0.6388888888888888,0.5530786514282227
CBF,0.9600000381469727,0.9522890946502058,0.950193464756012,0.9541859567901235,0.9523714780807495,0.9522890946502058,0.950207531452179,0.9529963991769549,0.9510510563850403,0.9522247942386831,0.9501251578330994,0.9522247942386832,0.9501259326934814
Car,0.8166667222976685,0.8218923933209648,0.7716000080108643,0.8181818181818182,0.7686288356781006,0.8181818181818182,0.7704755663871765,0.8144712430426716,0.7651659846305847,0.8181818181818182,0.7677668333053589,0.8163265306122449,0.765934407711029
ChlorineConcentration,0.6098958849906921,0.6638324483883435,0.4506790339946747,0.6196753656170082,0.3569013178348541,0.6686966054369105,0.44682738184928894,0.642940373672155,0.41082122921943665,0.6663459049868939,0.4517822563648224,0.6704435974410515,0.4549109935760498
CinCECGTorso,0.7123188376426697,0.7449564511045454,0.6182578206062317,0.7535201703519017,0.6408218741416931,0.7468142298161952,0.6229090094566345,0.7512857109911313,0.6329795718193054,0.7460839305985123,0.6204307675361633,0.745750811657113,0.6201372146606445
Coffee,0.9642857313156128,1.0,1.0,1.0,1.0,1.0,1.0,1.0,1.0,1.0,1.0,1.0,1.0
Computers,0.7720000147819519,0.701208981001727,0.5430200099945068,0.702754295064085,0.5696299076080322,0.701208981001727,0.5430200099945068,0.7007544768657394,0.5590879321098328,0.701208981001727,0.5430200099945068,0.701208981001727,0.5430200099945068
CricketX,0.7512820959091187,0.8507089827944126,0.7726550698280334,0.7936385067379754,0.7138563990592957,0.8396959994370359,0.7589835524559021,0.8206255937510996,0.742669939994812,0.8529256535660251,0.7746824622154236,0.8493719432813763,0.7707363367080688
CricketY,0.7461538910865784,0.79624422923392,0.7070035338401794,0.7887812836266446,0.7036903500556946,0.785032455135548,0.6924718022346497,0.7965219202332605,0.7128840088844299,0.792530112117741,0.7020754814147949,0.7912805026207088,0.7003340125083923
CricketZ,0.7692307829856873,0.8661851851851851,0.7787608504295349,0.8324444444444445,0.7713801264762878,0.871,0.7830485701560974,0.8511481481481482,0.7754505276679993,0.8684074074074074,0.7818817496299744,0.8714074074074075,0.784936249256134
DiatomSizeReduction,0.8398693203926086,0.9058206940363694,0.8980710506439209,0.9145557055507028,0.9095130562782288,0.903914873342333,0.8960433006286621,0.9083617882950846,0.9018275141716003,0.9049471928849361,0.8971385359764099,0.9052648296672755,0.8974350690841675
DistalPhalanxOutlineAgeGroup,0.7266187071800232,0.6711829077644608,0.4521920680999756,0.6782178217821783,0.4954755902290344,0.6727462219906202,0.4587610960006714,0.678999478895258,0.4822593927383423,0.6748306409588328,0.45908182859420776,0.674048983845753,0.45832324028015137
DistalPhalanxOutlineCorrect,0.8079710006713867,0.7576783145782215,0.5895053148269653,0.7629241052542517,0.6025514602661133,0.7576783145782215,0.5895053148269653,0.7596243336999745,0.5979969501495361,0.7576783145782215,0.5895053148269653,0.7576783145782215,0.5895053148269653
DistalPhalanxTW,0.6762589812278748,0.7836879432624113,0.5872288346290588,0.7848699763593381,0.594758927822113,0.7631205673758864,0.5625340342521667,0.7780141843971632,0.5790939331054688,0.7761229314420804,0.577544629573822,0.7728132387706856,0.5741263031959534
ECG200,0.8999999761581421,0.7311111111111112,0.5304280519485474,0.7355555555555555,0.5288558602333069,0.7311111111111112,0.5304280519485474,0.73,0.5310181379318237,0.7311111111111112,0.5304280519485474,0.7311111111111112,0.5304280519485474
ECG5000,0.9364444613456726,0.8703323254818272,0.8372950553894043,0.8810110155625106,0.8527247309684753,0.8646668945672268,0.8303758502006531,0.8745938446935125,0.8438569903373718,0.8676738543848178,0.8341583609580994,0.8674324014855576,0.833901584148407
ECGFiveDays,0.9581881165504456,0.9574410774410775,0.9556551575660706,0.9590235690235691,0.9575285315513611,0.9574410774410774,0.9556551575660706,0.9584175084175084,0.9567831158638,0.9574410774410774,0.9556551575660706,0.9574410774410774,0.9556551575660706
Earthquakes,0.5323740839958191,0.6135135135135136,0.4211719036102295,0.5848232848232848,0.3103874623775482,0.6135135135135136,0.4211719036102295,0.6114345114345114,0.3751114010810852,0.6135135135135136,0.4211719036102295,0.6135135135135136,0.4211719036102295
ElectricDevices,0.6984826922416687,0.6852219014649689,0.3128354549407959,0.6636089583108737,0.30454713106155396,0.6816765888464318,0.32489994168281555,0.6815532104340603,0.3268583416938782,0.6905585568319298,0.3259713053703308,0.6886094973427723,0.32409387826919556
FaceAll,0.7917159795761108,0.5289207942655252,-0.2100096493959427,0.6921265627123251,0.45054760575294495,0.5583575383883679,-0.09191804379224777,0.6236411197173529,0.1920100748538971,0.5421486445169179,-0.16503922641277313,0.543053149205055,-0.16409924626350403
FaceFour,0.9204545617103577,0.9206349206349207,0.9224779009819031,0.9541446208112875,0.9597199559211731,0.9206349206349206,0.9214617013931274,0.9488536155202822,0.9533443450927734,0.9171075837742504,0.9191156625747681,0.9171075837742504,0.9191156625747681
FacesUCR,0.9160975813865662,0.9116049978948412,0.8879747986793518,0.9187253882160636,0.8992292284965515,0.9164375758476361,0.893441915512085,0.918332218837457,0.8973399996757507,0.9153478465463011,0.8923336863517761,0.9168678950887883,0.8939420580863953
FiftyWords,0.7802197933197021,0.868394366197183,0.8212769627571106,0.8728169014084508,0.8365163207054138,0.8601971830985917,0.8145826458930969,0.8824507042253521,0.8447791934013367,0.8757464788732394,0.8307269811630249,0.8734084507042255,0.8277787566184998
Fish,0.9257142543792725,0.8542260208926876,0.8012977838516235,0.9154795821462488,0.9034983515739441,0.8613485280151946,0.8109042644500732,0.8964862298195632,0.8728992342948914,0.858974358974359,0.8075898885726929,0.8589743589743589,0.8078166246414185
FordA,0.9439393877983093,0.8970868942779054,0.8672195076942444,0.8936163290095874,0.8651062250137329,0.8970868942779054,0.8672195076942444,0.8968049108498546,0.8678938150405884,0.8970868942779054,0.8672195076942444,0.8970868942779054,0.8672195076942444
FordB,0.7913580536842346,0.7792188610621348,0.7036789059638977,0.7781849735527882,0.7069025635719299,0.7792188610621348,0.7036789059638977,0.7785449879533642,0.7057809829711914,0.7792188610621348,0.7036789059638977,0.7792188610621348,0.7036789059638977
GunPoint,0.9933333396911621,0.9865771812080537,0.9931278228759766,0.9932885906040269,0.9999991059303284,0.9865771812080537,0.9931278228759766,0.9865771812080537,0.9931278228759766,0.9865771812080537,0.9931278228759766,0.9865771812080537,0.9931278228759766
Ham,0.7809523940086365,0.7237539766702015,0.43632081151008606,0.7274655355249205,0.463572233915329,0.7237539766702015,0.43632081151008606,0.7253446447507954,0.45206019282341003,0.7237539766702015,0.43632081151008606,0.7237539766702015,0.43632081151008606
HandOutlines,0.9486486911773682,0.7281451491977807,0.6069990396499634,0.7530364372469636,0.6649113893508911,0.7281451491977807,0.6069990396499634,0.7482381166591693,0.6548884510993958,0.7281451491977807,0.6069990396499634,0.7281451491977807,0.6069990396499634
Haptics,0.5357142686843872,0.634286925196016,0.22572872042655945,0.61186692095783,0.2168751209974289,0.6297096842551388,0.21954244375228882,0.6127569400296673,0.2118755578994751,0.6302182665819029,0.2187771201133728,0.6347107438016528,0.2220342457294464
Herring,0.671875,0.6489479512735327,0.34793877601623535,0.6423034330011074,0.38828757405281067,0.6489479512735327,0.34793877601623535,0.6489479512735326,0.39540550112724304,0.6489479512735327,0.34793877601623535,0.6489479512735327,0.34793877601623535
InlineSkate,0.401818186044693,0.6518725329739097,0.3610263168811798,0.629083057118101,0.3508726954460144,0.6420800726182453,0.35068267583847046,0.6357534830626195,0.35621774196624756,0.6510198187294557,0.3589955270290375,0.6489017865738766,0.3564792573451996
InsectWingbeatSound,0.6095960140228271,0.692252288558227,0.5023580193519592,0.6863102364280806,0.49206990003585815,0.705870563155204,0.5242162942886353,0.7018888308926691,0.519196629524231,0.7033111078004439,0.5192192196846008,0.7063593033737008,0.5231469869613647
ItalyPowerDemand,0.9484936594963074,0.8641548097742036,0.8163661956787109,0.8653727188369935,0.8220577836036682,0.8625889266934735,0.8141112327575684,0.8641741416640891,0.8173229098320007,0.8625889266934734,0.8141112327575684,0.8627145839777296,0.8148923516273499
LargeKitchenAppliances,0.8639999628067017,0.8013798111837327,0.6729421019554138,0.8496732026143791,0.7704790234565735,0.8018034374243523,0.674297571182251,0.8409586056644881,0.7464644908905029,0.8025296538368434,0.6737980246543884,0.8019849915274752,0.673222005367279
Lightning2,0.6885245442390442,0.711779448621554,0.5359945893287659,0.7180451127819549,0.5620627999305725,0.7080200501253133,0.49517059326171875,0.7142857142857143,0.5420660376548767,0.7080200501253133,0.49517059326171875,0.7086466165413534,0.5117208361625671
Lightning7,0.767123281955719,0.694327731092437,0.5467638373374939,0.7195378151260504,0.5883732438087463,0.7027310924369747,0.5598888993263245,0.7090336134453781,0.5773689150810242,0.7006302521008403,0.5568118691444397,0.7016806722689075,0.5578476786613464
Mallat,0.9283581972122192,0.8969748671172649,0.8759360313415527,0.8893136032548067,0.8636387586593628,0.8970158803071069,0.8753690123558044,0.8945250125773782,0.8710275292396545,0.8974752280333356,0.8761817812919617,0.8976119386661416,0.8763154745101929
Meat,0.9666666984558105,0.9482758620689655,0.9518164992332458,0.9396551724137931,0.9518164992332458,0.9482758620689655,0.9518164992332458,0.9396551724137931,0.9518164992332458,0.9482758620689655,0.9518164992332458,0.9482758620689655,0.9518164992332458
MedicalImages,0.7013158202171326,0.7931168434015754,0.6854804754257202,0.7269218371614417,0.5588126182556152,0.8153085766709921,0.7181516289710999,0.7756279392682099,0.6467323303222656,0.8074567529816268,0.7035630345344543,0.8142671768974552,0.7114217877388
MiddlePhalanxOutlineAgeGroup,0.551948070526123,0.5437340153452687,0.06535162776708603,0.5285592497868713,0.08721304684877396,0.548849104859335,0.08657751232385635,0.5444160272804774,0.09291300922632217,0.5532821824381927,0.08397167176008224,0.5490196078431373,0.08057789504528046
MiddlePhalanxOutlineCorrect,0.8109965920448303,0.7671032357473035,0.6385146379470825,0.7684899845916795,0.6602621078491211,0.7671032357473035,0.6385146379470825,0.7697226502311247,0.6526106595993042,0.7671032357473035,0.6385146379470825,0.7671032357473035,0.6385146379470825
MiddlePhalanxTW,0.5389610528945923,0.7997624300016968,0.7397981882095337,0.8153741727473274,0.7549575567245483,0.806210758527066,0.7447995543479919,0.8189377227218734,0.7611002326011658,0.8065501442389276,0.7463368773460388,0.8107924656371968,0.7517079710960388
MoteStrain,0.8426517248153687,0.8059374022662208,0.7215710282325745,0.8125436043014892,0.742422342300415,0.8048500012028772,0.702793538570404,0.8091418673466932,0.7300698757171631,0.8048403781846176,0.702793538570404,0.805153126278057,0.7052462697029114
NonInvasiveFetalECGThorax1,0.9516539573669434,0.9156487475372924,0.8279857635498047,0.9231016042780749,0.860852062702179,0.9229214748100196,0.83919358253479,0.9299296369265411,0.8645684123039246,0.9249817056009008,0.8401364088058472,0.9259048691246833,0.8411923050880432
NonInvasiveFetalECGThorax2,0.9526717662811279,0.9066606929510155,0.8839130401611328,0.9463342064148516,0.9413701891899109,0.9275055141990627,0.9091033935546875,0.9444789081885856,0.9363573789596558,0.9214226633581472,0.9020453095436096,0.925294090616671,0.9061961770057678
OSULeaf,0.9090908765792847,0.9177685950413222,0.9067602753639221,0.921487603305785,0.9178453087806702,0.9144628099173554,0.9056272506713867,0.9206611570247933,0.9161228537559509,0.9190082644628099,0.9089080095291138,0.9159090909090909,0.9058268070220947
OliveOil,0.9000000357627869,0.7654320987654322,0.6681764125823975,0.7654320987654322,0.6338573694229126,0.7654320987654322,0.6681764125823975,0.7777777777777778,0.6681764125823975,0.7654320987654322,0.6681764125823975,0.7654320987654322,0.6681764125823975
PhalangesOutlinesCorrect,0.8286713361740112,0.7369901547116737,0.52961665391922,0.7232316273907594,0.5363336801528931,0.7369901547116737,0.52961665391922,0.7387793373326828,0.5498734712600708,0.7369901547116737,0.52961665391922,0.7369901547116737,0.52961665391922
Phoneme,0.26318565011024475,0.6629020388665663,0.29613232612609863,0.5448836111736717,0.14349256455898285,0.65282461845667,0.29188790917396545,0.5690278194183643,0.194207102060318,0.6646908706460881,0.3019620478153229,0.6661067302823255,0.3019341230392456
Plane,1.0,1.0,1.0,1.0,1.0,1.0,1.0,1.0,1.0,1.0,1.0,1.0,1.0
ProximalPhalanxOutlineAgeGroup,0.8097561001777649,0.6862835959221502,0.44194766879081726,0.6966326845844918,0.4327382743358612,0.6918443002780352,0.4495624005794525,0.6963237565647206,0.44160231947898865,0.6893728761198641,0.4457627832889557,0.6896818041396354,0.44615352153778076
ProximalPhalanxOutlineCorrect,0.8797250986099243,0.8591517857142857,0.8197552561759949,0.8449776785714286,0.8010362386703491,0.8591517857142857,0.8197552561759949,0.8494419642857144,0.8065587878227234,0.8591517857142857,0.8197552561759949,0.8591517857142857,0.8197552561759949
ProximalPhalanxTW,0.795121967792511,0.7050832602979843,0.5633891224861145,0.7123867952088809,0.5791509747505188,0.7049371895997664,0.5644038319587708,0.7081507449605609,0.5723008513450623,0.7043529068068946,0.5627912282943726,0.7043529068068946,0.5626446604728699
RefrigerationDevices,0.5199999809265137,0.6090028490028491,0.19401267170906067,0.6064957264957265,0.19409491121768951,0.6294871794871795,0.21991272270679474,0.6179202279202279,0.20543959736824036,0.6218518518518519,0.2089163064956665,0.625128205128205,0.21239015460014343
ScreenType,0.3786666691303253,0.5446714622498943,0.11872569471597672,0.5643776824034334,0.18168006837368011,0.5911563803421387,0.16264276206493378,0.5690926675935442,0.18073724210262299,0.5532853775010578,0.12486644089221954,0.5759535755304358,0.14582987129688263
ShapeletSim,0.9500000476837158,0.9701104613385314,0.9743855595588684,0.9655620532813515,0.96983402967453,0.9701104613385314,0.9743855595588684,0.967511371020143,0.9718087315559387,0.9701104613385314,0.9743855595588684,0.9701104613385314,0.9743855595588684
ShapesAll,0.8583333492279053,0.8818275271273558,0.850164532661438,0.8867846944603084,0.8689941167831421,0.8932267275842376,0.8709524273872375,0.8925185608223871,0.8760384917259216,0.8879725870930896,0.862698495388031,0.8906225014277556,0.8655328750610352
SmallKitchenAppliances,0.8079999685287476,0.7733773377337733,0.6502171754837036,0.747112211221122,0.6270008087158203,0.7650806747341401,0.6412743330001831,0.7694811147781444,0.6523116827011108,0.7703978731206453,0.6470043063163757,0.768976897689769,0.6454316973686218
SonyAIBORobotSurface1,0.9517470598220825,0.943995659512901,0.9386743307113647,0.9471907402941885,0.9427167177200317,0.943995659512901,0.9386743307113647,0.9458041958041958,0.9409900903701782,0.943995659512901,0.9386743307113647,0.943995659512901,0.9386743307113647
SonyAIBORobotSurface2,0.8342077136039734,0.7610381339065361,0.6583564281463623,0.7682987023326169,0.6730287671089172,0.7610381339065361,0.6583564281463623,0.7652495820396465,0.6667149066925049,0.7610381339065361,0.6583564281463623,0.7610381339065361,0.6583564281463623
StarLightCurves,0.967095673084259,0.7883090921304694,0.6740759611129761,0.7967426679916517,0.6726296544075012,0.7852370727097102,0.6492796540260315,0.7932842718257691,0.6827870607376099,0.7851305179718463,0.6488991975784302,0.7853019321153664,0.6494953036308289
Strawberry,0.8675675988197327,0.8589230084557187,0.8180724382400513,0.8366711170449487,0.7848626971244812,0.8589230084557187,0.8180724382400513,0.8484328310763557,0.8022826313972473,0.8589230084557187,0.8180724382400513,0.8589230084557187,0.8180724382400513
SwedishLeaf,0.9264000058174133,0.9007659382743861,0.8900942802429199,0.9341818727941729,0.9296436905860901,0.9174739055342795,0.9083636999130249,0.9320417511451528,0.9265638589859009,0.9136066681685064,0.9045337438583374,0.9179995494480738,0.9091086983680725
Symbols,0.9708542823791504,0.7095023916613121,0.5211693048477173,0.7770757478403656,0.6584514379501343,0.7069322481616335,0.5149138569831848,0.7436995787820375,0.5951968431472778,0.7092525165988435,0.5201084613800049,0.7091811237238524,0.5200367569923401
SyntheticControl,0.9700000286102295,0.9870179457808324,0.9896443486213684,0.9854906452844597,0.9885348081588745,0.988545246277205,0.9911845922470093,0.9858724704085529,0.988529622554779,0.9877815960290188,0.9904290437698364,0.9885452462772051,0.9911912679672241
ToeSegmentation1,0.9166666865348816,0.8982624024175271,0.8669297099113464,0.9060690002518257,0.8779762983322144,0.8982624024175271,0.8669297099113464,0.9025434399395619,0.8737351298332214,0.8982624024175271,0.8669297099113464,0.8982624024175271,0.8669297099113464
ToeSegmentation2,0.8769230842590332,0.6688596491228069,0.3100423812866211,0.71875,0.5074103474617004,0.6688596491228069,0.3100423812866211,0.6962719298245614,0.43153008818626404,0.6688596491228069,0.3100423812866211,0.6688596491228069,0.3100423812866211
Trace,1.0,1.0,1.0,1.0,1.0,1.0,1.0,1.0,1.0,1.0,1.0,1.0,1.0
TwoLeadECG,0.976294994354248,0.9053756994404476,0.7905167937278748,0.9183320010658141,0.849518895149231,0.9062416733280042,0.7931527495384216,0.9123701039168666,0.8093563318252563,0.9062416733280042,0.7931527495384216,0.9065247801758592,0.796789288520813
TwoPatterns,1.0,1.0,1.0,1.0,1.0,1.0,1.0,1.0,1.0,1.0,1.0,1.0,1.0
UWaveGestureLibraryAll,0.9592406153678894,0.9264416253368842,0.918079137802124,0.929449662717081,0.9217187762260437,0.9319493836413797,0.9235573410987854,0.9326410927009743,0.9250989556312561,0.9306656354155038,0.9225207567214966,0.9319493836413797,0.9238201975822449
UWaveGestureLibraryX,0.8174204230308533,0.8366321794421885,0.7919001579284668,0.823916712621781,0.7784987092018127,0.8408809386541001,0.7965821027755737,0.8368739660099263,0.7943917512893677,0.841926417506392,0.7980555295944214,0.8430591066325764,0.7992491722106934
UWaveGestureLibraryY,0.751814603805542,0.7731447234153288,0.6686930656433105,0.7454183804447393,0.6229127645492554,0.7765309971233172,0.6668570041656494,0.7697233631165581,0.6624999046325684,0.7797907084859843,0.6741815805435181,0.7822501114208106,0.6762617826461792
UWaveGestureLibraryZ,0.748115062713623,0.7793398436885722,0.6934871077537537,0.77318910570761,0.6848459839820862,0.7832885984362236,0.6989288926124573,0.791202247256108,0.7102733850479126,0.7847365855313851,0.7006707787513733,0.7865731579030134,0.702415406703949
Wafer,0.9445165395736694,0.7446020438706982,0.5380480289459229,0.7592224291405256,0.5655626654624939,0.7446020438706982,0.5380480289459229,0.7553979561293018,0.5570115447044373,0.7446020438706982,0.5380480289459229,0.7446020438706982,0.5380480289459229
Wine,0.8888888955116272,0.6875,0.5935702919960022,0.7569444444444444,0.6760096549987793,0.6875,0.5935702919960022,0.736111111111111,0.6529229283332825,0.6875,0.5935702919960022,0.6875,0.5935702919960022
WordSynonyms,0.6583071947097778,0.8240498034076016,0.7565624713897705,0.8009174311926607,0.736747145652771,0.8333333333333334,0.7706729173660278,0.8155744866754041,0.7551016211509705,0.8344255133245959,0.7711487412452698,0.8373962429008299,0.7740625143051147
Worms,0.7532467246055603,0.6606170598911071,0.4661131203174591,0.6851179673321235,0.5084314942359924,0.6869328493647913,0.48915043473243713,0.6851179673321235,0.4976955056190491,0.6696914700544465,0.46913576126098633,0.6733212341197822,0.4737377166748047
WormsTwoClass,0.7922077775001526,0.625,0.3248094320297241,0.6127049180327868,0.2866073548793793,0.625,0.3248094320297241,0.6157786885245902,0.32113179564476013,0.625,0.3248094320297241,0.625,0.3248094320297241
Yoga,0.8443333506584167,0.7281976412426632,0.4689611494541168,0.7511199067385458,0.5192837715148926,0.7281976412426633,0.47012850642204285,0.7429739008260132,0.4994024932384491,0.7281976412426633,0.47012850642204285,0.7281976412426633,0.47012850642204285
ACSF1,0.8299999833106995,0.7916371367824238,0.5387669801712036,0.7675407512402551,0.5672147870063782,0.7994330262225371,0.5536333322525024,0.7753366406803686,0.5725414156913757,0.806520198440822,0.557875394821167,0.8058114812189935,0.5567017197608948
AllGestureWiimoteX,0.6228571534156799,0.7854462051709759,0.6527887582778931,0.7830831248262441,0.6770029664039612,0.8116051570753406,0.6895205974578857,0.7996941896024463,0.6896957159042358,0.7999721990547679,0.6724904179573059,0.8084514873505699,0.6818447113037109
AllGestureWiimoteY,0.6995708346366882,0.7681858019281331,0.6421451568603516,0.7189989288148797,0.5830428004264832,0.7438893757912163,0.6094554662704468,0.7342292336157366,0.6036969423294067,0.7619534521375013,0.6341318488121033,0.7578926867270426,0.6296831369400024
AllGestureWiimoteZ,0.5557143092155457,0.7146033609138775,0.5266088247299194,0.7182651534563849,0.5360178351402283,0.6991378669025202,0.5059573650360107,0.726101224179403,0.547814130783081,0.7118260193917954,0.5236029624938965,0.7095198340207804,0.5203147530555725
BME,0.9866666793823242,0.9797297297297298,0.9860221147537231,0.9763513513513513,0.9823585152626038,0.9797297297297298,0.9860221147537231,0.9797297297297298,0.9860221147537231,0.9797297297297298,0.9860221147537231,0.9797297297297298,0.9860221147537231
Chinatown,0.9766764044761658,0.8216417910447762,0.7862858772277832,0.8227611940298508,0.7884678244590759,0.8216417910447762,0.7862858772277832,0.8216417910447762,0.7866640686988831,0.8216417910447762,0.7862858772277832,0.8216417910447762,0.7862858772277832
Crop,0.7192261815071106,0.8461452867753041,0.7963841557502747,0.8067307265654658,0.7487356662750244,0.8440817733873813,0.7959959506988525,0.8281746083476644,0.777921199798584,0.8532112993951401,0.8063435554504395,0.8539383917445709,0.8073750734329224
DodgerLoopDay,0.594936728477478,0.7659574468085107,0.6773285269737244,0.7460106382978723,0.652137815952301,0.7413563829787234,0.6544219255447388,0.7686170212765958,0.6792032718658447,0.7672872340425532,0.6834977865219116,0.7566489361702129,0.6724914908409119
DodgerLoopGame,0.8529411554336548,0.7060344827586207,0.45782819390296936,0.7094827586206897,0.5036206245422363,0.7060344827586207,0.4922522008419037,0.7073275862068966,0.48166778683662415,0.7060344827586207,0.4922522008419037,0.70625,0.49683889746665955
DodgerLoopWeekend,0.9191176295280457,0.5563636363636364,-0.4788627326488495,0.5876363636363636,0.03279189392924309,0.6072727272727272,0.35493576526641846,0.5607272727272727,-0.47264954447746277,0.6072727272727273,0.35493576526641846,0.6116363636363636,0.38702714443206787
EOGHorizontalSignal,0.5441989302635193,0.7477311182894939,0.5631116032600403,0.758560221504384,0.5826559662818909,0.7445316105214581,0.5629224181175232,0.7676357483464082,0.5922176241874695,0.7451469004768498,0.5606524348258972,0.7443777880326103,0.559540867805481
EOGVerticalSignal,0.49723759293556213,0.7667277167277167,0.6481432914733887,0.7491147741147741,0.620919942855835,0.7463980463980464,0.6294315457344055,0.7584859584859585,0.6377573013305664,0.7607448107448107,0.6418218612670898,0.7549145299145299,0.6362988948822021
EthanolLevel,0.5360000133514404,0.7890986875965003,0.6752996444702148,0.7818611682964488,0.6903968453407288,0.7591675244467317,0.6357936263084412,0.7977997941327843,0.7124106884002686,0.7798989963973237,0.6636240482330322,0.773031394750386,0.6552606225013733
FreezerRegularTrain,0.9898245930671692,0.9313278490141671,0.867111086845398,0.9426346734466868,0.9100574254989624,0.9313278490141672,0.867111086845398,0.9398476940189954,0.9033747911453247,0.9313278490141671,0.867111086845398,0.9313278490141671,0.867111086845398
FreezerSmallTrain,0.909473717212677,0.80652903387884,0.7226102352142334,0.8305086013015599,0.7739924192428589,0.8066838034740166,0.7411192655563354,0.8229241434587041,0.7491569519042969,0.8066838034740167,0.7411192655563354,0.8067824971289119,0.7425710558891296
Fungi,0.5322580933570862,0.5934053175432485,0.3177284002304077,0.6256821084407291,0.3931962847709656,0.5851619644723093,0.2862400412559509,0.6073377452687797,0.3446064591407776,0.5866713108092418,0.29924634099006653,0.5872518286311389,0.29952123761177063
GestureMidAirD1,0.7230769395828247,0.7514775413711585,0.6485047340393066,0.7783687943262412,0.6977449059486389,0.7627068557919623,0.6812706589698792,0.7907801418439716,0.7212152481079102,0.7576832151300237,0.672927975654602,0.7615248226950355,0.6777472496032715
GestureMidAirD2,0.6692307591438293,0.731355252606255,0.5328059196472168,0.664795509222133,0.4460384249687195,0.7209302325581395,0.5310853123664856,0.7054263565891474,0.5090660452842712,0.7404437316225608,0.55317223072052,0.7372360331462178,0.5509671568870544
GestureMidAirD3,0.4615384638309479,0.595,0.2481490969657898,0.6297619047619049,0.28209561109542847,0.5747619047619048,0.21522067487239838,0.6354761904761905,0.30243274569511414,0.6007142857142858,0.24715717136859894,0.5959523809523809,0.24319712817668915
GesturePebbleZ1,0.8139534592628479,0.8082589285714287,0.7510471343994141,0.796875,0.741259753704071,0.789955357142857,0.7374836802482605,0.7904017857142855,0.7374448776245117,0.8008928571428572,0.7453425526618958,0.7957589285714284,0.7403494715690613
GesturePebbleZ2,0.7341772317886353,0.7818144499178983,0.6598080992698669,0.7879720853858785,0.6797311902046204,0.7822249589490968,0.662415623664856,0.788382594417077,0.6751654148101807,0.7828407224958949,0.6636770367622375,0.784688013136289,0.6650602221488953
GunPointAgeSpan,0.9525316953659058,0.9382059800664452,0.9342160820960999,0.9397563676633445,0.9372270703315735,0.9382059800664452,0.9342160820960999,0.9397563676633442,0.9365843534469604,0.9382059800664452,0.9342160820960999,0.9382059800664451,0.9342160820960999
GunPointMaleVersusFemale,0.9873418211936951,0.984775641025641,0.9865126609802246,0.9855769230769231,0.987373948097229,0.984775641025641,0.9865126609802246,0.9855769230769231,0.987373948097229,0.984775641025641,0.9865126609802246,0.984775641025641,0.9865126609802246
GunPointOldVersusYoung,0.9936507940292358,0.9840255591054313,0.9869394898414612,0.9744408945686901,0.9771206378936768,0.9840255591054313,0.9869394898414612,0.9792332268370607,0.9820433259010315,0.9840255591054313,0.9869394898414612,0.9840255591054313,0.9869394898414612
HouseTwenty,0.8991597294807434,0.8465732087227413,0.8228744864463806,0.8535825545171339,0.8322992920875549,0.8465732087227413,0.8228744864463806,0.8496884735202492,0.8276354074478149,0.8465732087227413,0.8228744864463806,0.8465732087227413,0.8228744864463806
InsectEPGRegularTrain,0.9879517555236816,0.997289972899729,0.9999662041664124,0.9823848238482386,0.986046314239502,0.9959349593495935,0.9999662041664124,0.9905149051490515,0.9930379986763,0.997289972899729,0.9999662041664124,0.9959349593495935,0.9999662041664124
InsectEPGSmallTrain,0.9236947298049927,0.9533180778032035,0.9523652195930481,0.9572082379862701,0.9567782282829285,0.9533180778032037,0.9523652195930481,0.9556064073226544,0.9550715684890747,0.9336384439359268,0.9160585999488831,0.9533180778032037,0.9523652195930481
MelbournePedestrian,0.8834154605865479,0.9032851850882245,0.8839317560195923,0.9097204042096445,0.8972140550613403,0.9074329807843342,0.8893909454345703,0.9130222786533327,0.8994835019111633,0.9082789020367558,0.8900775909423828,0.9094815173569297,0.8913697600364685
MixedShapesRegularTrain,0.9447422623634338,0.9175521345694053,0.8815292716026306,0.9393212896668991,0.9305723905563354,0.9201189599796739,0.8862947821617126,0.936262597966084,0.9237313866615295,0.9195065701609804,0.8844857811927795,0.9196629250083063,0.884656548500061
MixedShapesSmallTrain,0.9076288342475891,0.9006458103459467,0.8587775230407715,0.9216508729798144,0.9072955250740051,0.9015707146102421,0.862496554851532,0.915833711949114,0.8951087594032288,0.9015362335302135,0.8606982231140137,0.9014997241513597,0.8606621623039246
PLAID,0.7616387605667114,0.8542558068459659,0.806990385055542,0.8192810207823961,0.7622455954551697,0.8530333129584351,0.8032875061035156,0.8465388141809291,0.7971475124359131,0.8593558985330073,0.8124905228614807,0.8596424205378973,0.8126041889190674
PickupGestureWiimoteZ,0.6599999666213989,0.8128342245989305,0.7575654983520508,0.7183600713012478,0.6465832591056824,0.7718360071301248,0.7028419375419617,0.7433155080213905,0.6841766834259033,0.7950089126559715,0.733583390712738,0.7914438502673797,0.7304322719573975
PigAirwayPressure,0.14423076808452606,0.6739700374531835,0.4616388976573944,0.4900749063670412,0.12202092260122299,0.7464419475655432,0.5219915509223938,0.5720973782771536,0.3060605823993683,0.7308988764044944,0.521864652633667,0.7717228464419476,0.5743672847747803
PigArtPressure,0.8125000596046448,0.8220300409649522,0.5857247710227966,0.8704293733879532,0.7991296648979187,0.8302230314064634,0.6089320778846741,0.8631467152177211,0.7247537970542908,0.8294644211803975,0.6092236638069153,0.8311333636777423,0.6108974814414978
PigCVP,0.6826923489570618,0.5802390098164746,-0.17057748138904572,0.6070209133589415,-0.1188315823674202,0.5991250533504054,-0.1400981992483139,0.6048868971404182,-0.12616011500358582,0.5941101152368757,-0.14854727685451508,0.5949637217242851,-0.14695824682712555
PowerCons,0.9611111283302307,0.902559867877787,0.8833028674125671,0.9042113955408753,0.8850386142730713,0.902559867877787,0.8833028674125671,0.9033856317093312,0.8840447068214417,0.902559867877787,0.8833028674125671,0.902559867877787,0.8833028674125671
Rock,0.6599999666213989,0.768270944741533,0.7271372079849243,0.7843137254901962,0.7450066208839417,0.7629233511586453,0.7218368053436279,0.7771836007130125,0.7364122271537781,0.7629233511586453,0.7216763496398926,0.7611408199643493,0.7201376557350159
SemgHandGenderCh2,0.871666669845581,0.8548583347818529,0.8210741877555847,0.8357378758908395,0.7946682572364807,0.8548583347818529,0.8210741877555847,0.8449256288644434,0.8078707456588745,0.8548583347818529,0.8210741877555847,0.8548583347818529,0.8210741877555847
SemgHandMovementCh2,0.5844444632530212,0.7709684634309997,0.6677074432373047,0.5804883999918669,0.31152287125587463,0.7541530265753036,0.6482769250869751,0.6608243020678718,0.4669051170349121,0.7749944084097516,0.676232099533081,0.7752384050751306,0.6773862838745117
SemgHandSubjectCh2,0.8133333325386047,0.8947111631537861,0.8741196990013123,0.7686703096539161,0.7149703502655029,0.8609810044236275,0.8318566083908081,0.8186312776476711,0.779601514339447,0.8901249024199844,0.8666126132011414,0.8814077543585741,0.8567378520965576
ShakeGestureWiimoteZ,0.7199999690055847,0.8154761904761905,0.7274408936500549,0.8174603174603174,0.7325218319892883,0.8194444444444444,0.7313511371612549,0.8174603174603174,0.7317536473274231,0.8115079365079365,0.7230032682418823,0.8194444444444445,0.7305306792259216
SmoothSubspace,0.9399999976158142,0.8282111899133175,0.7956369519233704,0.8502758077226162,0.8265437483787537,0.8321513002364067,0.800890326499939,0.8416075650118203,0.8164860606193542,0.8321513002364067,0.800890326499939,0.8321513002364067,0.800890326499939
UMD,0.9722222089767456,0.8250000000000001,0.7191483974456787,0.8196428571428571,0.7081267237663269,0.8303571428571429,0.7228089570999146,0.8267857142857143,0.7155008316040039,0.8285714285714286,0.7173376679420471,0.8303571428571429,0.7228089570999146
